-- phpMyAdmin SQL Dump
-- version 4.1.14
-- http://www.phpmyadmin.net
--
-- Client :  127.0.0.1
-- Généré le :  Mer 23 Mars 2016 à 16:34
-- Version du serveur :  5.6.17
-- Version de PHP :  5.5.12

SET SQL_MODE = "NO_AUTO_VALUE_ON_ZERO";
SET time_zone = "+00:00";


/*!40101 SET @OLD_CHARACTER_SET_CLIENT=@@CHARACTER_SET_CLIENT */;
/*!40101 SET @OLD_CHARACTER_SET_RESULTS=@@CHARACTER_SET_RESULTS */;
/*!40101 SET @OLD_COLLATION_CONNECTION=@@COLLATION_CONNECTION */;
/*!40101 SET NAMES utf8 */;

--
-- Base de données :  `tunisiamallbdf`
--

-- --------------------------------------------------------

--
-- Structure de la table `boutique`
--

CREATE TABLE IF NOT EXISTS `boutique` (
  `ID` int(11) NOT NULL AUTO_INCREMENT,
  `ID_MARQUE` int(11) NOT NULL,
  `ID_LOCAL` int(11) NOT NULL,
  `LOGO` blob NOT NULL,
  PRIMARY KEY (`ID`),
  KEY `FK_BOUTIQUE_MARQUE` (`ID_MARQUE`),
  KEY `FK_BOUTIQUE_LOCAL` (`ID_LOCAL`)
) ENGINE=InnoDB  DEFAULT CHARSET=latin1 AUTO_INCREMENT=5 ;

--
-- Contenu de la table `boutique`
--

INSERT INTO `boutique` (`ID`, `ID_MARQUE`, `ID_LOCAL`, `LOGO`) VALUES
(2, 1, 2, 0xffd8ffe000104a46494600010101006400640000ffdb0043000302020302020303030304030304050805050404050a070706080c0a0c0c0b0a0b0b0d0e12100d0e110e0b0b1016101113141515150c0f171816141812141514ffdb00430103040405040509050509140d0b0d1414141414141414141414141414141414141414141414141414141414141414141414141414141414141414141414141414ffc2001108008a008a03011100021101031101ffc4001c0001000202030100000000000000000000000607050801030402ffc40017010101010100000000000000000000000000010203ffda000c03010002100310000001da900000000000000000000000000000000000000000000000000000000000000000000000000000000000000000000000c31d6428b481152540859d062cb34fa3a8c092300f29ad9171d4e8c21ab06d199f29a4c22d6a6e11e82155afdbbb6dce015047dac8899d95f1ef2b52ff002ab4e16165f870cc5ac82d5832cd268000000000000000000000000000000000000000000000000000000000000000000000000000000000000000000000000000000000003fffc400221000020202030001050000000000000000040503060102000710151113366070ffda0008010100010502fdfcb658149f919b8bbb0d7b66fe6b650b6b0f8f6d115747516c8de84c3b0004e76bb636c72593586342f85b103eec3c5f7ed96c2ed8c6a55212a4bf8e18fc6057b433d54f42e217ca79db7f85f58145c14d6244fdb3611e0c0c3f1c635704d5cb928771f6fa1d85bc15247b54d7b2c1cd359b7da38a780c3db3c40216be828dfd4b91e73b697d58c2c49684b18d712d868ccc6b80644d3e0b227878a1667e979a748f63aeeed2103f88ff00ffc4001c1100010305000000000000000000000000010002701011214041ffda0008010301013f0187ce814dbf69984bffc400191101000301010000000000000000000000012140700061ffda0008010201013f01c358a3ef32521c4fffc4003a10000201010405070a060300000000000001020304000511121321223141101451617181911520232432335262b1c10616344260d17073a1ffda0008010100063f02fe7f140229269640582a61b85bf413f8aff76f2752c15334f8e05914141d78e3bb95ae6d27ae08f49870ecede3cb25455d2d4737460ba4400fdec2ae8e86aa5809231c147ded152de34f5542d26b5691065ff86c083883c791a47395146249e16e7548d8a662b81de3cc15054691572e7e816fcbdf87b6d5b54f52bb88e3afe1ebe3610c3b73b7bd9cef73fd7219146799888e18fe373b85a82fea498cd2e61ce24c77cbd3d86d4f5d09d995758e83c4724ffed8feb68f43462a143c87dee5275f4616869a211dda948876676c5cebda3bbb355a2857d98d428c7ab905d45bd5f2e92a8e386cfed4effa0ebb4d7554bfa9ced9439ddf2b7dbcce6374c6894ce3d2cc650acdf2db4305d323cedae59ccb1e2e7c775a9e1e60f020a88dddda54f64362771b332466561b901c31b0a8abba8cb4d12658613221198fb4c75f70efb4b4cb75472e994a9310442bd76a9a7a8a51514726d204997153652cb9091ad7a2d3ddf4947b45d4895e450a70b4377d5d1eb0ecc654914a8c6d15f7712c7ace924467cbb5c7c6c74d4ad4d87c4e1b1f0b7a1a56a8d5c1c2fd6c7ca1772354c84c92cf2647c5ba07570eeb462efbbd609e16d52ab2a2b0b5353de34be9906579964520f5ff0084bfffc400261001000104010304020300000000000000011100213141511061712081a1c160f07091f1ffda0008010100013f21fcff001cf7c504aca73481281423093322656a73d42193fe9c30e3a8953024ae20ba84d0977459b35101727326265281b0a4184e83eda7a0065a9dc948c20ecee43efe854e982db74a7d22d62341c06fc0770288a963ea0d1d2025f0630bc5b5d02eaa6664b8d8c75708c10142a923fa643d496a338857a0bed5233918044017247d9c362a9594083a4742015c5b3bc57b9c2a510652e9ff0067a3fa2f4c00d1cf342a26fd21234506963400ac22e28a015817b9b547096ad81b0988e03ba82976113b058df152e35e48b0bb297a08a22ae2d49961f30a5b4cfc538d8b4c292d33f1534b08c3a9ee1cf96a491841f24351322a6c43c5d4e7814413b8b02076a5f03489e6419f16ad32ed8b109996dafe12ffda000c030100020003000000109249249249249249249249249249249249249249249249249249249249249249249249249249249249249249249249248241201248e481880084012d9234a492592724c924924924924924924924924924924924924924924924924924924924924924924924924924924924924924924924924924924924924fffc4001d110100010403010000000000000000000001110020213141517030ffda0008010301013f10f0d48c7d1d968d29cdb07758eeee4b12689a80814aba28791e25ffc4001c1100010403010000000000000000000000010011202130317041ffda0008010201013f10e1a0498c77905205d2bc64a6b68b79c4bfffc4002210010100020300020105000000000000000111002131415110618120607091f0ffda0008010100013f10fdfe7d008ed0086c062a042aa206692541861934e9a7ab4bf15443d0e5b86f0dde83f2d0a425a090c2b3618d5bae2bc3674e075aaecd38f8e9829aa6cc0e8876a0a23d89f11135784a8f400b81b63ee583c341f43eff0045b9ef6283c00a0fe314b68d8cc23dc9ccb906642118ac3e0f6505d72d5570f6af959d9eabed3b4b0add434a2cdb6fa60b9c004556a5a5f104febe3fd4f38597ec012b02ae8a057ac7ae08bf6542036273db0d429ca8b67d81f041374b290434621d665310ceba013f5d6bf65ce7e5de9f885e54d8f2f538b46448102707a0f8f2d55c3f826476a42440de5432129bc0a0fca67a29f3e3d12e65173ada194dbf43112aeb1bd5977ac61812a0e93bc502c1c46d2914e28cc5e903295b8776170212f052a72fa35db1450e98ae572ee9df0d313fbe914dc669f72dc08dc0754941dfa0e686af507a8098320176b9a59162612014629aa3d38ffb54ac5186b008727cfe12ffd9);
INSERT INTO `boutique` (`ID`, `ID_MARQUE`, `ID_LOCAL`, `LOGO`) VALUES
(3, 3, 2, 0xffd8ffe000104a46494600010200000100010000ffe0001c4f636164245265763a2031343739372024000000000000000050ffdb008400020404060806080808080808080808080a0a0a0a0a0a0a0a0a0a0a0a0a0a0a0a0a0a0a0a0c0c0c0c0c0c0c0c0c0c0c0c0c0c0c0c0c0c0c0c0c0c0c0c0c0c0c0c0102080810101010101010202020202040404040404040404040404040404040404040404040404040404040404040404040404040404040404040404040404040ffc00011080300040003012200021101031101ffc4009b000100020203010101000000000000000000090a0708010206050403010101000000000000000000000000000000011001000103010206091007060402090400000201030405061107081221313613223541517475b3b414151832424553556173859394c4d1d3235262718184b23343728291a1162463a225b117348392a3a4c1c2f0446495f1110100000000000000000000000000000000ffda000c03010002110311003f009fc0000000000000000000000000000000000000000000000000000000000000000000000000000000000000000000000000000000000000000000000000000000000000000000000000000000000000000000000000000000000000000000000000000000000000000000000000000000000000000000000000000000000000000000000000000000000000000000000000000000000000000000000000000000000000000000000000000000000000000000000000000000000000000000000000000000000000000000000000000000000000000000000000000000000000000000000000000000000000000000000000000000000000000000000000000000000000000000000000000000000000000000000000000000000000000000000000000000000000000000000000000000000000000000000000000000000000000000000000000000000000000000000000000000000000000000000000000000000000000000000000000000000000000000000000000000000000000000000000000000000000000000000000000000000000000000000000000000000000000000000000000000000000000000000000000000000000000000000000000000000000000000000000000000000000000000000000000000000000000000000000000000000000000000000000000000000000000000000000000000000000000000000000000000000000000000000000000000000000000000000000000000000000000000000000000000000000000000000000000000000000001e4b53d7b4dc2a5259b998b891af45722fdbb34afeeadc945e534edbad9cccbb4b58bab69d7eed65c9a5bb7956653957f66149f2a5fbe94ad2a0cb00000000000000000000000000000000000000000000000000000000000000000000000000000000000000000000000000000000000f21aeeb789a6e9f939d973ec78f8b6a572e4be4a744694efca52dd18c7a652ad294e7a823bb8c670957f4dc5b3a4605e959cbcc8764c8b96ebc99dac6e78d2119539e32bd2a57b6a73d210953ddd2ac21c02f0c97e1930d1757c895cb57a548e1e45d972a56ee57a31ee4e5d309ff00755ad6b584ebc8f6b28f223776bf69f2759d632f51c8f6f9376b2a477efa5bb74ed6ddba7c9085291dfdfddbebcf5ab1b02e1593916acda9ddbb38dbb56a329ce72ad23184234df294ab5e8a529cf5aabcdc2e70d19fad66dcc6c0bf771b49b52ac611856b6e595bbfbebbbb74b932f716eb5dd18eeaca3cbdfbb0f6b5c2ced36a1a35ad272b32b3c5b748d275e4eebd7e30ad2b6e39173a67c9ddbe9bf75655a52572b3952956b6827378b8f097733b1a7a266dd94f27121cbc59cebbe5731a9cd2b55957a6566b5a7277f3d6dd77539ad5529ea8cece6bd95a5ea78ba862cb937f16ec6e47f6bbd384bf6671aca12f0c6555ac767b5dc6d4f4dc5cfc696fb395661763e18f2a9db425fb5096f8cbc128d680f6a00000000000000000000000000000000000000000000000000000000000000000008d1e15b8c062e975b981a4763cbd429be372f7b6c7c5974569cdfdadda7ea7b4857dbd655a56d8372f6c36f345d0b1bb3ea3931b5cadfd8ed47b7bf7abe0b76a9cf5f9655dd08fba9450bfb73c63b5dd4253b3a66fd2b139e9ca8d692cb9d3c32bbfdd7c94b54a4a35fef64d0cd5f59cecfcbb9959b7ee64e45daef9dcb92e54abe0a53f5634f731a6e8c69cd1a529ccf320fa193957af5d95dbd72e5dbb3aef94ee4ab39cabe1aca5beb5fdf5abe78025bb802e18333d5b6b43d52fcefd9bfda615eb95acae5abbee6c4e75e79427d16f7d6b584f930a7692a7226b94f9c1ccb98f936722d579372c5db77615f04edca928d7fd69bd70600000000000000000000000000000000000000000000000000000000000000000000000000000000000000000000000000000180784cdafae85b3999a8c23495eb718c2c465ed6b7aeca90856be1a477d6e4a9be9be31ad3a6a0f4bb55b6da268b63b2ea5996b1f7d37c2defe55eb9f37663be72f96b48f263eeab4a207785de1932768ee471b1e13c6d2eccf951b72fed2fce9d176feee6ed79f910a56b48efad6b594b772750b56d5f373f2ae65665fb9939176bbe772e4b952afc9f2529ee634dd18d39a94a51e6c00000007dac7d472ecff00657ef5addbf7722e4a1bb7f4fb5ad3f8be280cf3a6f0a1b5b895df6759d439ba2372fcef429dff00697f971f96bcdceda0d138cded563eea65dbc3d421dfacedf60bbfc2563930a7f1b55473009f2d9ce33bb3993c9867d8cad36e57a65bbd53629fe7b74a5dff00e06ef95beba2ed1697a958ecd81978f976f9b7cacdc8cf93bfbd3a52bbe35fd996eafc8a8c3ee69fa965e25f8dfc5bf7b1af43dadcb37256e74fdd28d695ff00705c004066c7f197d7b0b916b53b50d52c539b97cd672a34ff001c63d8e7bbc1285252efdca74a597633855d9cd76948e16552391bb9f16feeb5914f0ee856bbae6eefcad4a71a77ea0d8e000000000000000000000000000000000000000000000000000000757643370fbc324ab2bba0e957ab48c77c33b22dd7db57a258b6e54ef53fbe952bcf5fd1745274907cfe1ab8769dd95dd2343bdc9b34e5432736dd7b6b95e895ac79d3a21d3cabb1e7b9d10ad21db5c88c00000000646d91d165a96b7a7e0c69bfd559962dcbe4b729d3b24bfcb0df2afc945b590b9c593606e4b22eed06442b1b76e372c616fa7b79cbb5bf7a3f2463bed46bd12acee53a609a30000000000000000000000000000000000000000000000000000000000000000000000000000000000000000000000000000114dc69b68acc34ac1d2e33a767c8c9f54ce34e98d9b30b90a72bfc7727daf87b1cbc0cedc2c70d185b3b1ae2d88c72f559c2928daad6bd8ac465ed6e64563cff002c6d52b494a9cf5942358cab5f9d7f6833f54cebb9b9d7a57f26f577ca52ef53bd18c69cd1847dcc23ba94a7403c60000000000000000003fbc2728ca928d6b1946b4ad2b4aeead2b4e8ad2be1efd2afe00243760f8c4ebba6722c6a3bf55c3a5694df725bb2adc7f66f57fb4f0f26ef2ab5e8a5c851343b1bc21685af58ec9a764c6738c77dcc79f69916be72d57bddee5c6b2b75afb59d55517d8c0d432b17221918d7ae63dfb55df0bb6a7584e35f0d251dd5fdfcfd00b82086ae0e78cb569d8f136863be9cd18e7da873fefc9b31e9f9676a9bfa3f455e7925ef0350c6cac7b7918d7addfb1763ca85cb72a4e128f8632a73541f6800000000000000000000000000000000000000000000018eb6a76971348d2b2751ca96eb58d6eb2ddeeae4fa216a1fb5725ba31f96bbebcd4ad41a83c3c70a5eb269d4c1c2b9bb54ce85774a9d38d8f5df195eff001cb9e16bc15e54f7f694a4abd55aefe7af3d6af77b51b4999abea993a865cb957b26e5655a7b9847a216e1bfdc423ba31a7829cfcfbeaf00000003356c7f07daf6bb7bb1e9d893b90e56e9df97698f6ffc776bdaeffd88f2a75a7b58d41855bddc147027a86bb7ade5e642e62e911952b5b95ed6e64d29ee31e95f735f757abda539f91cb952b4a488f07fc5d346d32b0c9d4e51d53323bab484a3bb12dcbe4b55e7bb5e9edaef6b5a7f751ad37a45e31a4694a529ba94e6a529d14a03e469fa763626359c6c6b71b362c5b8dbb76e3ed6108d375294fc6bcf5e9ad6b57dd0000000000000000000000000000000000000000000000000000000000000000000000000000000000000000000000000000055738519e44b6bf5cadfacab3f5cf3294e57c1c6eca3669fba96a90e4fecee6064f9f0d1c08575ab92d534be44352e4c697ad4abc98655211dd1ad25d11bd48d291a565ba138d2349563bb95582ad4b4ccbc3c9b98d9566e63e45a972676ee46b19c6bfbabfeb4ad39ab4e7a56b407c10000000000000000000000006c26c1f099adecf6472f0af72b1e52df7716e6f958bbe1af27dc4fc1385692e6a72b951ed6baf602ce9c1df0b7a2ed15aa46ccfd4d9d18efb9877654ec94f0cad4b9bb2c3f6a34a4a94f6f086fa36a14f3c5cabd62f42f59b93b576dca9285cb72ac270953a2519479e95f0577a64382de31b0b9d8f076865184f9a36f3e94dd0977a94ca8c69ba15ffad1ed3e1230dd59d425f07e5b772338c67095250952928ca35df1ac6bcf4ad2b4e9a57a695a73568fd40000000000000000000000000000000000000000209f8caedf7aaf5386898f3ff97c0ad2791babcd3ca9479a3f2f6185777c97273a569be344b7f081b5d6743d0733519eeaced5be4d9857fbcc89f6b661fbb95cf2ddcf485252ef2abb97957afdfb97ef4eb72edeb93b97272f6d39cebca94abf2ca55ad6bf283e700032f6c86c2eb5aee5760d3b1a5777569d92ed7b5b16695efddbb5ed63dfad234df396eaf2232af3370782be0033b56a5bced57b26169d5dd285bddc9c9caa77ab1a57fb2b52fd7ad3952a7f671dd2a5ca4e7e8ba1e069d896f13071ede2e3daf6b6edd3753e5956bd32957dd4a55aca55e7956b506826c4716cd1307917f549d754c9a6eaf63dd5862465f37edaeeef0dcad232a74daa74524631b1acd9b51b566dc2d5a85374616e3484234f04631dd4a7f07d1000000000000000000000000000000000000000000000000000000000000000000000000000000000000000000000000000000000006bbf083c1ae91b45875b5956e90c98465ea7cb847f4b665def072edeff006d6e55e4d7bdc996e953620054cf6bf64751d1353bb819d0e4ddb7cf19479edddb75f6b76dd7bf0973f4eead2b4ac654a4a95a5317ad3db7fc1d695b45834c7cc8d6172d72ab6322deeecb6655e9e4eff6d097bb8579a5ba95e6952328c4ae5f15ada58e4d6163374dbb637f6b7673bd6a5c9fdab54b373757f66929d3f681196269f42e2a9891dd2d4f54bd76bdfb7896e36a94afceddec9cafaa8559832f8b1ec94ecf22d4f50b1737735ca5e84ebbff006a33b558fefa5393f26e155f8124db65c5a75cc0b53bfa75f86a96614e556dc615b595bbf66df2a51b9bb9fdadca4e5ee6dd6b5dc8dcad2b4ad695df4ad2bcf4efd2bf888e800000000000000000000378782de1b353d0270c5c8e5e6695bf9ec56bfa4b1bfdb4b1a52e8f0d6d57f472aefddc894ab34feece6d2e9bab60dbcdc0bf0c8b173bf4f6d0977eddc8fb684e3df8cb757a2bd15a56b521667d89dbcd5b40cea65605ddd496ea5eb13df5b37e14f71721febc9952b49c37d7932a6faef0b5a8d6ce0eb84ed2b68f13b2634bb0e55ba53b3e24eb4ec96bf6a3d1d92deff6b3a529e095232ed5b26000000000000000000000000000000000003c6ebfad63e9da6e567dfafe8b12c5cbb2ef56bc88efe4c7f6a55ed634efcab4a0218f8cf6d97aa354c7d1ad4ff45811a5ebf4a77f26ec7b48d7e6eccb7d2bff005a54af422c5e9b59d57233b3f2737225cabd957ee5e9d7f6ae4ab2ad29f2537f6b4e8a5294a5399e6404ccf021c06dba5bb3aceb56795396e9e261dc8d2b18c6b4df1bf911af4cabd30b75e68d374e74acab4a4309f17ee0ae9aa65faef9f6f7e9f8773f436e54e6c9c88f3f3f86d5ae6acbbd39f263cf4a5c8a7bc000000000000000000000000000000000000000000000000000000000000000000000000000000000000000000000000000000000000000007f3ad7773d41fd0613d57846d97c1ad6993abe05b953dc52fc2773eaedd653ff006e7612c9e309b0d6e55a5350b97776ff00698b93bb7d3bd4acad47fd7daf3f48376468ed8e311b0f3ddcacebd6b7febe2e4d777efec76e7fedbd97b4be15b64332b4a58d6707952e88dcb9d8255f9291bfd8e5bfe4ddbc1b08ae27185d16c61ed964d6cc6908e658b19528d3a3b25ce542e57fcf2b759cbf6a55afc8b14faaacf61ecdd921d8b93caec9caa72393fadcaf6bbbe5e8568f869dadc7d676ab2b271a74b98b6636f1acdca745c8daa76d3a7eccae56758d7bf0e4d41aa2000000000000000000000003d3e8face6e9f996b2f0efdcc7c9b32e542e42bbab4f0d2bfad1973d25196f8ca35ac654ad2b5a2c03c12f0d985af4218799c8c5d5a31f69d16b2b7539e7637fbae6ad656abcf4a73c2b28f2b935d77e9b57676e719c25284e12a4a328d6b194651aefa4a35a73d2b4af3d2bbf7d2a0b8988abe07787bb79bd8b4bd6ee46de67342c65cb746de478217ba230bdde8cb9a376bcddadcddd925500000000000000000000000000000000456f1a0daeec1a5e2e8f6a5fa4ce9f66bf4a74d31eccbf474ad3c13bdcf4aff00d1aa53ab5ddcf555c3855daef5ef69b3b3632e558a5cec18de0f53d9ed615a7ce73dcad3bd29d41aeccadb15b2795adeb38ba763f34afcfb79f7ad598f6d76e57fc31dfba9bfb6972634e79518a53e9c5bf60bd6fd1abab5f87fcd6a91a763df4edade1d2bbe1f5d2a765af7ab0a5aefd01bf7a1e8d89a76063e0e2c3b1e3e2da8dbb71efee8f7e55efca55df29cba652ad655e7abd6800000000000000000000000000000000000000000000000000000000000000000000000000000000000000000000000000000000000000fe55ad294df5e6a51fd511dc653847bd8f186818772b6e77ed52ee6ce35dd2ec52e6863efa7ebeeacae7861c88f3c672a03ef708bc64f130ee5cc4d0eddbcdbf1df1965dcdf5c684ba2bd8a31ad2b7abe096f8dbdfbab4ec91aa267693840da2d5e52aea1a8e4df8d7fbae5f63b14fdd62df26d7f1e4efaf7eb561c00000001fb297ee521585273a42b5e78f2abc9ad7e5a7fa74f81f8c000000000000000000000000000004b5703bc3ecb1fb1697af5dacac7346c674eb594ed782de4d6bbeb2b7de8dcf6d6fa27be1db5b89501711b5761384670946709c6928ca35a4a328ca9be928d69d34af4d2b4e6ad1fad5e5e08786ecad0e70c1cfacf274994b9ba6577137fbab5fad6bf5acff9adee972a339f9d3753c5ccc5b5958b7addfc7bd0a4addc84b951946bff00e73d2bcf1aefa5694ad2b407a1000000000000000000000000001a61c3b6d97ad1b2d914b73e4e56a1bf12c73f6d1a5ca57b35ca77fb5b5cadd2a7b5b92b6ad93747875dbaa6b5b49723667cbc2d3f958d8fbabdace54afe9ef53fc73a6e8ca9cd2b76edd5a5c0d80e0c763a5aeed161e06e9760e5f65c9953dce3dae7b9cfdee5f35b8cbbd39c5690b56a16e11b708d230846918c634dd18c634dd1a5294ef53bd4470f16ad8cf516877354bd0dd91aa4bf47be9db4716d56b1874fc24f9573c128762af3a4a8000000000000000000000000000000000000000000000000000000000000000000000000000000000000000000000000000000000000000055ab858d46e656d8eb57275ad6b0d4322c7f971a5ea787fdb6e9b969557638c2ec6ddd3b69eee64615f526a9fa784f77352f6ea5322dd6bfadcbfd27f86e53a77541a14000fd172d4e1eda328d6b4dfcf4ad39abdfe7ff00cdbbdc5ef662c6a5b596e59108dcb3818f732eb19537c65723285bb54ad3f66773b253e582c1daae8d819d67b0e662d8cab55f717adc2e479fc149d2bbbf7f482a16277b6cf8b2e8f97cabba45e9e9d7ba7b0cf957b1655f0537fe96defefd692b91a539a36e8897dafe0db687439d7d70c39c2cf2b74722dfe931e7e0dd763cd1dfde8cf913fd906090000000000001fb71f1eeddbb0b56a13b972e4e3084211aca5394abba318c69cf5ad6bd14e9ad5b0fb4dc11ed4e91871cccdc19471eb1a4a73b7385ea59ad7bd7bb1cabc8ef6f97b4dfcd4956a0d6b0000000000000000006d2f06dc2beadb3991fa2ad72302e4f7dec49cb7425e19daaf3f62bbbbdd5295a4b9a938cb931e4ead00b5eec6edc691af60d32f4fbdcb8f352e5a96e8deb12fd4bd6f7d7935f0577d612ddbe129539d97d51ed9dda5d4b49cdb799a7e44f1efc3bf1af6b28f7e17215ed670af7e12df4af4f4d289d5e0cf87fd2f58ec789a8f63d3f52aee8d37d7763644bfe94e5ed275f83b95e7ad69484e75aeea0486000000000000000000000341b87be11e9a368d5c2c6b9bb51d4a13843935edacd8f6b76f78695af3dbb55e6edab29d2bfa3ad1b47b65b5d81a1e977b50cc96eb76e9ba10a7b7bd76bed2d5bfda97fa4634aca5ba31ad5581dacda8cdd6754c8d47325beedf9fb5a7b4b76e9cd0b50a77a108f3786bcf296f956b5a8637653d8ad99bdac6b985a6dadf4ae4de8c672a73f63b51edaf5cff25ba4ab4a57a6b4a53bec58999e2b7b1fc9b799addd8f3cff00e531b7d3dcd3933c89d3f7cb910a4bbdc9b91dfcf504b761625ac7c7b562cc690b562dc2ddb853a230b71a4631a7ee8d2947d50000000000000000000000000000000000000000000000000000000000000000000000000000000000000000000000000000000000000000018cb6b764b4dd6f4db9819f6f9766e6e952b1ed6e5b9c7dadcb73f7338ff1a5695ac654ac655a572680ae06dc700db4ba4ddb93c7b13d4f0b7d6b0bd8d0acae463ff571e9be71ad3a6528f2edeee7e5f7a9a81eb5e6f64ec7ea7bfd937fb4ec73e574eef6bc9dfd3feeb7f008c9e2e3c1eea1a5e2666a1a8589e35eceec36ecd9b91e4dd859b7ca956738d79e3d9252a6e8cb74a94b7beb4eda8936001f8ef59b7721285c8c6709d2b494654a4a32a57a6958d79abfb9fb0047ded97174d9ad4b97770a92d27265bebbec53958f2957f5b1eb5a523fbad4ad53e4aa2cf6b3808dacd2b953a62fae18f1fefb0f7ddaeefdab3ba97a3cdedabc89423faeb2800a754edca32ac654ac651aeeac6b4dd5a569dead2bfef4abf82d93b41b13a0eab4ff00c434fc5caaf472e76e9d9694fd9bd1dd723fe5951a67ac7162d95bf5acb16ee760d7f5617237ad53f85e8cae7f1ecbfea0802130f93c53a7cafd0eb91e4f827855a569fc63955dff00fbb1ddf2bf25be29d91bfb7d72dc63e18e14a55ff4ae547ff315106f61a1e81a8ea5970c5c0c6bb95913e885b8efdd4efca52f6b18d3dd4a55a469dfad1375a2715ed9cb12a4b372b373ab4afb4df1c7b52a7ed52df2aeff0018dd8b7d740d98d274bc7ec1a7e1d8c4b5cdbe96a14a4a7bbbf727edee4bf6a7294be511a75c10f0238fa0f273b3ab6f27559439b773dac4a4ba63677fb6b95a76b3bbcdcdbe30dd1acab3df7bb6a1384a138c6709c6b194654a4a328ca9bab1952bd34af45695e6ad1fac041770d7c06fadfd9357d1ed56b83cf3c9c68f3d71bbf5bb6a9f01fad1e9b3d3fd96fec7168b8c569bfa507bc38f0272c39ded6748b5bf0e5595ccac6847ff0056ad79e57ad469fdc77e51a7f63d34fd17f6611520000000000000000000037e383ae1f759d1a96f1b3395a969f1dd1a42e4bfe62cc7fe8ddaefdf1a77addcdf1e6a4632b74e74dd6c77081a1ebb63b2e9d951b938d37dcb12ed322d7ce5aaf3eefdaa72a15f732aaa9afaf839f938b7e17f1af5cb17edd7950b96a7284e15f0c651dd5a7fa82e0a20cb61f8cdea38dc8b1add9f5759e6a7aa6cd236f2634f0ce1dadabbff00c2977e529552e3b2db73a1eb56bb269d9b6723b5df3b7bf937adfce5996e9c7c1cae4f26bee6b5e9065c000000000000781da4da4d3b49c0bb9d9f7a3631ed74d6bcf294abed6108d39e5397b98d3e5ad775295ad31e6def093a36cf62f65cdbbcabf3a57b0e2dbad2b7ef57e48fb987eb5c96e8d3bdca96e8d6bcbc20f08fab6d166f67cb9f22c5bad7d4f8b0957b0d98ff00f75cafbab95a72a5d1dac6918d03ea709bc24e76d26a5d9aeefb58966b38e263f7ad5b957db4bf5aecf752b397c948c7b58d1ad400fb1a7e0dfcacab38d62359dec8bb6ed5b853a6572e4a908d3f8cabb96bdd92d9db1a4e8f85a759f69896230dff00af3f6d72e7f9e7594ebf2c90bfc5ab61e799accf58bd0ff96d377c6d56b4e69e5ce3bb9be6a12ace5e094ad5689e700000000000000000000000000000000000000000000000000000000000000000000000000000000000000000000000000000000000000000000000000000000000000000000001fcab4a569babcf4abfa80851e1af80a959addd6344b3fa0eda795876e9fd977e57b1e34feefa6b3b54e7b7eda1fa3df1b7122b8e22cb85ce2ff6b3eb7752d1230b39b5e54ef627346d644abcf59daafb5b576beea95fd1dcaf3f692df5984180fab9b85918d7ee58c8b572cdeb52ac676ee46b09c254ef4a32e7a7f17ca00000000000000000001f43172af58bb0bb66e5cb376dd77c2e5b956138cbc319477569fbf7be780904d94e31fb5181c9b7975b5aad88fc3f697f77c9910a73d7c32b90bb5f9520db3fc65b6532f931cca6569b72bd3d92dd6f59dff25cb1ca97f9a56a14f0abea02d9da46d9e839fc9f51ea78391597446ddfb729feeadbe572e95f92b1a559394e37b0c3da1d571e9bb1f3b32c5376edd6b22edba6ef076b2a783a3e4a02dd82a91ffa45dabf8f759fff0090cbfcd79dcddaed772695a646a7a86452bd34bb957ee52bdef7772a0b38ed1f085b39a4c65eafd471acce3fdd72fb25ff00e162df2ae7fdbbbc3545eedc719fc8b949d8d071eb6235df4f55e4d232bbfbed58eda11f0d25725737d3a6dc6a88d01f7351d4b2f2f22e64655eb9917eed77cee5c95673957e5ad7fd29dea539a9ccf860032bec5ec7e7ebbaad9d3f123dbdcaefb972bcf0b36695a72ef4ff00663bf9b9f7ca558c29db4a8f93b33b31a96b1a85bc1c0b32bd7ee57fc96e1bf74ae5d97b88477f6d2afc94a6f95694ad92b834e0df0766f4df53d9fd2e55ee4cb2b26b4dd2bb3a53dac7f56d439f911ef6facabbe52954193765b66b0f47d2f1b4ec48eeb38f0e4efafb6b92af3cee4ff6e72df2977b7d7752948d294644000000000000000000000000000000000000000000000000000000000000000000000000000000000000000000000000000000000000000000000000000000000000000000000000000006b3f081c15e89b4567fe6adf61cc8c775accb54a52f43c119f7aec3f627d14ad791284abca413edf703db41a04e53bd6bd55834af6b97623595bdddeecb1f6d66be1e5f69bf9a339f4ace0fe328d254ad2b4df4af35695e8ad014e91629db4e2f7b35aad677b1a35d2b2a5cfcbc78d3b04a5e19e37347eae56ab5af3d6b5458ed5f003b5ba672a76f1a9a963c77fe930f7dc9eefdab15dd777f7fb48ce34fd606920fd57acdcb73942e4256e70aee94651ac651ad3bd5a579e9fbaafca00000000000000000000000000003613603835d6368b2fb1625be463c2b4ecf957295ec3669e0dfeee7fab6e35e557a6bc98ef95320f029b05a6ed06b93c6cfbd285ac7b15bfd8615e4cf2374e31ac293f731a72bb7e4f6fbbdaf279e51b1a697a561e1635bc6c4b16b1f1ed47930b76e348c69fc29dfaf4d655e79579eb5ad418af60b83dd2767b07d4d856f7dc9f27b3e44e94ecb7e74efcebde8d39f910a76b0a56bd32aca52cee00000000000000000000000000000000000000000000000000000000000000000000000000000000000000000000000000000000000000000000000000000000000000000000000000000000000000c77ae6c9e8da9c3939f818b97cdcd5bb6a329c7fc33ddcb8fef8d6956996b9c59f64f277cb16599a7cbbd4b777b2dbfe31bf49cff00f76e45222020f756e2a9aac37fa8754c4c8a77a97eddcc7afeeed3b3d3e4ef6ff93bdaf9a8717bdb7b1bf93816f2634f756726c57fedb9384ffedfdeb2280aac65f063b5b637f64d1353e6e9ac316edc8d37537efacadc654fdf5ad7ff002ab1e646ceeab677f65c1ccb5bb76fe5e3dd86edfd1eda34fdf45ba8053b2e5a9c25c99c650af8254ac6bfe957e65c71f96e5a84e3c99c6328f8254a569fe95053b45af755d81d9bce8d6995a5605ead77f6d5b16e9739fa775c8c6938ff000951a4bb53c58741c9a4a7a5dfbda75def5b9d6b918f5f93b797658fcb2ec93ddd3c8aeedd5081c1b11b6dc16ed0e813df9d8dcac7dfba395637dcc6977a9dbf2695856bde8dc8c255ef52b46bb80000000000003d568bace669d9d63370eed6ce4e3ce93b73a77abe0ad3bf19537c651af34a35ad2bcd5599b833e10b1768f47865dba52de45bad2de558a57fb2bdbbbdbf9fb1cfdb5baf837c6b5e5425baadedc6e03b6da5a36d363f2e7c9c3cfac7172695af6b4e5d7f4376bf2dbb9c9ad65deb72b94ef82cac000000000000000000000000000000000000000000000000000000000000000000000000000000000000000000000000000000000000000000000000000000000000000000000000000000000000000000000000000003f05fb16aedb95bbb08dcb772358ce138d251946bcd58ca35e6ad2bdfa579aa886e1538ba4793733f67a1ba54df2bba7eff006de1962cabdfeff619577579fb1ca95e4dbacc400a755cb7384e509c6b19c6b58ca32a6e94654e6ad2b4af4569dfa579e957f04ed70f3c0fc33f1eeeb3a6dadd9f6635964da847ff005ab51a73ce94a7f7d08f839ee47b5e79463be094000000000076750169ae0b769fd78d97d3b3652acaf56c52d5fad7a6b7ec7e8ae4abfe3947b253e4951b04880e2a9b41becea9a5ca5ed276b2ed53e49d3b0dff00f4e4d9fe32aff197f000000000000000000000000000000000000000000000000000000000000000000000000000000000000000000000000000000000000000000000000000000000000000000000000000000000000000000000000000000015e1e1ff0083a8e8facfab716df274fd4a539c631a76b6723a6edaa78232dfd92dd39a94a56508d375b5879827848d8eb5aeecfe5e04a91ecb28764c6957dc64dba56b6a5bfbdbebda4abf0739d3be0aac8fd77acdcb77276ee46b09db94a338ca9ba51946bbab4ad3c34aefdf4af7df900000000001ba7c5ff5af51eda6152b5e4c33217b167ffb4872add3eba16e9fefde5925515d9fd4e585aa616647a7132f1eff00d55c8cff00fa6ead16e5a5695a6fa73d2a0fea000000000000000000000000000000000000000000000000000000000000000000000000000000000000000000000000000000000000000000000000000000000000000000000000000000000000000000000000000000002bbdc627643d6dda7965da87271b55857229cddad32235e4e4469f2d65c9bb2f96eb41163be301b25eb9eca5fbb6e3bf234c97ab2df373d6dc295a6447f7762ad6e6eefcadc55c4000000000016c3d84d47d57b39a4e4d6bbe57b4ec394bfc75b30e5ffddbd53c5973808cdecfb0da5577f3db8e4daaff00ecf26f463ff6f241b80000000000000000000000000000087ce35d9176dfac3d8ee4e1bfd74dfc99563bf77a87a777f104c18a7efae597f0f7beb25f89eb965fc3defac97e20b810a7efae597f0f7beb25f89eb965fc3defac97e20b810a7efae597f0f7beb25f89eb965fc3defac97e20b810a7efae597f0f7beb25f89eb965fc3defac97e20b810a7efae597f0f7beb25f89eb965fc3defac97e20b810a7efae597f0f7beb25f89eb965fc3defac97e20b810a7efae597f0f7beb25f89eb965fc3defac97e20b810a7efae597f0f7beb25f89eb965fc3defac97e20b810aa96cf7091b4ba5dc8cf0f52ca8463bbf4539d6ed896eef56cdce543f8f2692a77ab4aa6db824e1bb17682b4c2cb84313558c2b5a4635fd0e4c634df2959e556b28ce3d32b52acab48f6d194a9cba4037dc000152dda1d432bd75cefd3dee6ccc9fef25f0b2f9416d214fdf5cb2fe1ef7d64bf13d72cbf87bdf592fc4170214fdf5cb2fe1ef7d64bf13d72cbf87bdf592fc4170214fdf5cb2fe1ef7d64bf13d72cbf87bdf592fc4170214fdf5cb2fe1ef7d64bf15a2382e94a5b23a2ca55ad655d37177d6bcf5afe8e20cf40c39c214ab4d95d72b4aeead347d4eb4ad3a77d316e83318a7efae597f0f7beb25f89eb965fc3defac97e20b810a7efae597f0f7beb25f89eb965fc3defac97e20b810a7efae597f0f7beb25f89eb965fc3defac97e20b810a7efae597f0f7beb25f8bd86cf6a1955d57077dfbd5df998dfde4be163f282da40000d17e16786ac3d9ea7a931a10cbd5670df4b55afe8b1e32a6f8cf22b1edb7cba636a95a4a51edab2846b1ac837a0557368f84dda7d56e4a597a964d612fee6d4eb66c529e0ec56b931aff008a5ca9569d32ab107ae597f0f7beb25f882e0429fbeb965fc3defac97e27ae597f0f7beb25f882e0429fbeb965fc3defac97e27ae597f0f7beb25f882e0429fbeb965fc3defac97e27ae597f0f7beb25f882e0429fbeb965fc3defac97e27ae597f0f7beb25f882e0429fbeb965fc3defac97e27ae597f0f7beb25f882e0429fbeb965fc3defac97e27ae597f0f7beb25f882e0429fbeb965fc3defac97e27ae597f0f7beb25f882e0429fbeb965fc3defac97e27ae597f0f7beb25f882e0429fbeb965fc3defac97e27ae597f0f7beb25f882e0429fbeb965fc3defac97e27ae597f0f7beb25f882e0429fbeb965fc3defac97e27ae597f0f7beb25f882e0429fbeb965fc3defac97e27ae597f0f7beb25f882e042adbb33c2bed56937232c6d472276e3fdc644e5916254f0763b95af27e595bac25fb49c9e0ab860c0da4b35b528d31753b30e55dc7e56f8ce34e6addc7ad79e50fd68d7b6b75aeeaf2a9ba720dc9000062fdaedaed3744d36e67e7dcac2cc2b48c631edae5db92f6b6ad479b95396eaf7e94a529594ab18c6b5a065015cadb6e1fb69754bb3862df9e9787beb48dac69726f563e1b9934dd7395e1ec75b70ddcdc9af4b4eaeead9d39d673c9c89cabd3295d9ca55fdf5ac816fa14fdf5cb2fe1ef7d64bf13d72cbf87bdf592fc4170214fdf5cb2fe1ef7d64bf13d72cbf87bdf592fc4170214fdf5cb2fe1ef7d64bf13d72cbf87bdf592fc4170214fdf5cb2fe1ef7d64bf13d72cbf87bdf592fc4170214fdf5cb2fe1ef7d64bf13d72cbf87bdf592fc4170214fdf5cb2fe1ef7d64bf13d72cbf87bdf592fc4170214fdf5cb2fe1ef7d64bf17d0c5d7352b173b259cccab3729d13b77aec254ff0034654aff00b82de4201b6038c66b3817616357acb52c2df48d6e5777aaed53f5a93e6ecbdfad6373b6af7ae4776eace9e91abe1e7e1d9ccc3bd0bf8d7e149dbb90af34a9ff009d2b4af34a35dd28ca958ca94ad2b407a6000001f96e5b8ce1284a9494654ac651af45695e6ad2b45577846d929e89b439ba7d692ec56ee72f1e55f758f73b7b55dfdfdd1af2255fd78ca9de5ab119bc64f60eb9fa44357c786fc9d3295a5edd4eda7892aef97d4cbf49e0a4257655e8a02054000000001615e2cf93cbd8de4fc0ea1956fa77eedf4b577f87b7e8fe3df57a93c9c55eeefd9aceb7fabaadc96fff001e362d3ffb7fdc1270000000000000000000000000000872e369ef07d2bf714c6a1cb8da7bc1f4afdc410e0000000000000000000000000fb1819d918b936b271ee4ad5fb172372dce35dd28ce15df1ad1f1c05afb61369e3ace8181a952948d726c52b7234e88de856b6ef469f252e465c9f0c77559791cdc5872a773646f42bd16354c9b71ff000d6ce35dfeab9548c80a8bed1775b3bc772bcecd6e8545f68bbad9de3b95e7660f16000000000b4f7059d4fd0fc9989e6e2ab0ad3dc16753f43f266279b8833f30df08bd54d77c8da9fa25d66461be117aa9aef91b53f44ba0aa38000000003da6cef75b07c7717cec1e2ded3677bad83e3b8be7600b74000c4fb6fb4d6f46d0b3b529d292f52d8aca11af44eecab4859857fc576518d6bdea577aaafa96a39199977b2b26e4aedfc8b93b97272e994e75df5afe14e8a539a9cc9f6e3337671d8edd1aeea5cd431632fda8d23767bbff007a31aff057b400000000000000000000000000000000000000007b0d075cccd3750c7cec49d6de4635c8dc857bd5ddd319786138ef8ca3d128d6b4af4bc780b72ece6b76752d2f0f3ecff67978f6af529bf7f27971a56b0ad7c3096f8cbe5a55edda4dc5eef4e7b0da7f2abbf91733634ff0faaaed777fbffa7337640571387bdb8bbab6d2dfc684ebea2d2e73c6b51dfdacaec6bbb22efef95ca5614af45616e15a74d563b53c322fceedd9dc9d77cee4e53957c329577d7ffaf4d41f880000000000000000000000012a3c5976e2ed8d4eee877a75ae3e64677b1a95f71916e3cab918fc972d52b297ed5b8eea6f94b7c5733d705d952b3b5fa1ce3bf7d753c3b7fc2f5d8daaff00b4abbfe405a88000001f8ef5985cb72b772319c271946519537c65195374a35a57a695a73569dfa3f600abef0b1b037367f5ebd8d4a4ab877b7dec39d79f956652f695afebdaaefb72efd77467ba949d1acab3df0b1c1edada2d1278f4e4c7371eb5bd8772bee6eeee7b72afc1dda76b2ef52bc89eeaf229456572b16f58bf72c5e84ad5eb3395bb9095393284e15e4ca32a77ab1ad2bbe95ef83e7000000273f8aadda5743d4a1cfbe3a84655f06e958b74a7f4d77a0c13a1c556dc7d62d4a7eea5a8d23fc2362dd69fd551529800800000000000000000000000021cb8da7bc1f4afdc531a872e369ef07d2bf710438000000000363b835e0e7236973afe2d8c9b58d2b18fd9ab2b9194a92a72e10dd4e4f7fb6dfced714a27155eb06a3e4cfbc5907d9f6296adf1b61fd55dfc5af5b6fc036d268b8d3cbdd673b12dd39572e63565595a8d3a6772d4e3495234e994a3cb8c69cf2ad28b223f95694ad37579e95053a06c9f0b9b356349dacd470f1e34863d2e42eda8d3a210bf6e37bb1c7e4856558469fab1a35b000000000013e5c567aa999e59c8f44c249523578acf55333cb391e898492a14545f68bbad9de3b95e766b742a2fb45dd6cef1dcaf3b311e2c00000000169ee0b3a9fa1f93313cdc55615a7b82cea7e87e4cc4f371067e61be117aa9aef91b53f44bacc8c25c24dc8c364f5dad7e28d463fc658d7234ff007a82aa0000000000f69b3bdd6c1f1dc5f3b078b7b4d9deeb60f8ee2f9d802dd00023bb8ce753e1e53c5f377d5f4582f8ce753e1e53c5f377d5f400000000001babb0fc046d26b58f0cae4dac1c3b94df0bb93ca8caec7f5ad5a8c6b3ac6bd3194b9109539e329317f055b3b6355dacd2f072294958bb7e73b91af44e18f6ae644add7e49d2dd615f924b4842118c6918d2948d294a5294e6a5294e8a5280afc6d3716cda6c1c795fc69e3ea518537cadd8e5c6feea74d636e71dd3ff000c6759d7dcc2a8f4ad2b4ad695df4ad2bcf4efd2bf8ae32af8f193d99c7c1da6864d88d211d4b1bb3dc8d39a9d9e33942e4a94fdba72252f0ceb3977c11e2000000000fd36ad4ee4e30846539ce548c631a565294a55dd48c694e7ad6b5e8a74d6afcc93ee2bdb338f95ad66ea17a149cb4db36696a95e88ddc9adca52e6ef0c616ee4635ef72b7f4f26b40f3fa07165da5cac78decabd8ba7f2e9be36ae56572f53c1cb8dba7223fbbb25654af34a31ab106ddf027b47a0d9ae4dd85bcbc2a57b6c8c6aca54b7e0ecd6e518ce1fe2dd2b74aeea567beb4a56cbaf9f918f6af5a9dabb08dcb7761284e12a72a3384a9c994651af4d254e6ad2bd34053cc65bdbcd0ad699b45a9605aaefb58d997a16fbfbadefdf6e95af8631ad292af7eb4dec480000000000b1e7176ea360fcf66fa45c6f0347f8bb751b07e7b37d22e37800538d71c538c000000000065dd8fd86d675dcbae3e9b8f5bb585295b97255e459b31af456e5caf3537eeed634df296eaf2635dd56225a27826d97c7d2b65f4fb16e148dcbd8f6b27225bb74a77efc2339f2bfc3be96e3fb30a735011637b8aced146c72a19da6dcbdbbfb3e55f8c6bf246e56cffa6f8c69e1ad3bd1fdb45b35a96939b3c3d431ee6364439f932dd5a4a35e89c271df19c2bcfba50ad63be95a6fdf4ad16e247ef18dd98c6ccd95bb9d5853d53a64ed5cb73f75d8eedd85abd6f7fead7954b9fe2b71dddfde15e5000000000665e0ebad7a179674cf4bb4c34ccbc1d75af42f2ce99e976816b7000000000446718ae0afb3425b41816ff4b6e34f57db8539e76e34dd4c9a529df8539aefec5293e6e44ab59737f09c2328d632a52b1ad2b4ad2bcf4ad2bd34ad014ea1207c38f04b2d0f37d5f830ad749cbb95ed69ff00e92f4b9fb0d7fe9cb9eb665dedd5b72e78c6b38fc00001381c54f3215d2755c7f776b36d5daf3fb9bd6b931e6fdf6a5cfdff00e083f6e77017b6f1d17696d76697270f3e94c5bf5afb585652df66ed7fc13e6956b5dd1b739d7bc0b2700000000000000000000000000021cb8da7bc1f4afdc531a872e369ef07d2bf71043800000000025138aaf58351f267de2ca2ed289c557ac1a8f933ef16454ec0022b89c627af39df3385e8f6da3cde1e313d79cef99c2f47b6d1e00000000004f97159eaa66796723d13092548d5e2b3d54ccf2ce47a26124a851517da2eeb6778ee579d9add0a8bed1775b3bc772bcecc478b0000000005a7b82cea7e87e4cc4f371558569ee0b3a9fa1f93313cdc419f9807853ea7eb9e4ccbf37267e601e14fa9fae79332fcdc815610000000007b4d9deeb60f8ee2f9d83c5bda6cef75b07c7717cec016e80011ddc673a9f0f29e2f9bbeafa2c17c673a9f0f29e2f9bbeafa00000000003727800ebee93fcffa0652ca6ad67001d7dd27f9ff0040ca594c042071adeeb693e277bced137e840e35bdd6d27c4ef79da0228800000000131fc52fdfff00a2befc8704c7f14bf7ff00e8afbf0a98d00455e7862eba6b5e392fe98b5a5b2dc3175d35af1c97f4c5ad20000000000b1e7176ea360fcf66fa45c6f0347f8bb751b07e7b37d22e37800538d71c538c00000000005ba7677b9383e278be6a0a8b2dd3b3bdc9c1f13c5f35007b36a870e1d46d63e66cfa4596d7b543870ea36b1f3367d22c82b24000000000ccbc1d75af42f2ce99e976986999783aeb5e85e59d33d2ed02d6e000000000003ce6aba562e6e25ec4cab51bd8f916e50b96e5d128d7f773d2bdfa4a95a5635a52b4ad2b4a555b0e157830cbd9bd4b91dbded3f2252ae2e4569d34e9adab9bba2ec3bfd149d3b78d29cf18d9c98f769f6674fd5f4ebd819d6a976c5e8ff9adcfdc5db72f733874c65fc2bbe35ad2a15251b09c237075a8ece6a5ea6c8fd258bbca962e4d29ba17edd3fa6e477d3b242b5df1ad695a56b094652d7b0000589b803e1123ac6871c3c8b9cad474d8c6ddce557b7bb8f4e6b37f9fdb5777e8ee577d6bcb8d252ddd922df6546367f6833f4bcfb39d837a56722ccb7c654e8ad3bf09d3a2509539a51af35689f5e0d3876d235ba5ac5cbac7035496e8f629d7758bf2ff00f6f725df977ad4f74f7d7931adcddca06f900000000000000000000000021cb8da7bc1f4afdc531a872e369ef07d2bf71043800000000025138aaf58351f267de2ca2ed289c557ac1a8f933ef16454ec0022b89c627af39df3385e8f6da3cde1e313d79cef99c2f47b6d1e00000000004f97159eaa66796723d13092548d5e2b3d54ccf2ce47a26124a851517da2eeb6778ee579d9add0a8bed1775b3bc772bcecc478b0000000005a7b82cea7e87e4cc4f371558569ee0b3a9fa1f93313cdc419f9807853ea7eb9e4ccbf37267e601e14fa9fae79332fcdc815610000000007b4d9deeb60f8ee2f9d83c5bda6cef75b07c7717cec016e80011ddc673a9f0f29e2f9bbeafa2c17c673a9f0f29e2f9bbeafa00000000003727800ebee93fcff00a0652ca6ad67001d7dd27f9ff40ca594c042071adeeb693e277bced137e840e35bdd6d27c4ef79da0228800000000131fc52fdff00fa2befc8704c7f14bf7ffe8afbf0a98d00455e7862eba6b5e392fe98b5a5b2dc3175d35af1c97f4c5ad20000000000b1e7176ea360fcf66fa45c6f0347f8bb751b07e7b37d22e37800538d71c538c00000000005ba7677b9383e278be6a0a8b2dd3b3bdc9c1f13c5f35007b36a870e1d46d63e66cfa4596d7b543870ea36b1f3367d22c82b24000000000ccbc1d75af42f2ce99e976986999783aeb5e85e59d33d2ed02d6e000000000000003186d6ec8e97ade9f3c1d42cf65b52e78ca9dadcb573dcddb53f7338ff0018d69be338ca15946b5e3e133824d57672fd672a57274eb93dd672e11ed79fa2ddfa7f7773e4dfc99f4c255dd28c6cd6f939b858f9362e58c8b56ef59bb0ac2e5bb91a4e138d7a6328d79aa0a7c8947e1638be6460765d434385cc8c2a72a773139e77f1e9d35adaaf3caedaa73f86ec29d3d929be548b801d9d404d8717ae1632f36e7ac5a95dadebb1b529e1df9cb7dc9c6dd37cf1e75af3ceb186f9c25d3c88ce32ad77452d8ab5f04d7a76f6c744942b5a56ba8588ff0096e57912a7f18d6b4afef5a50000000000000000000000043971b4f783e95fb8a6350e5c6d3de0fa57ee208700000000004a27155eb06a3e4cfbc5945da5138aaf58351f267de2c8a9d800457138c4f5e73be670bd1edb479bc3c627af39df3385e8f6da3c00000000009f2e2b3d54ccf2ce47a26124a91abc567aa999e59c8f44c24950a2a2fb45dd6cef1dcaf3b35ba1517da2eeb6778ee579d988f16000000000b4f7059d4fd0fc9989e6e2ab0ad3dc16753f43f266279b8833f300f0a7d4fd73c9997e6e4cfcc03c29f53f5cf2665f9b902ac2000000000f69b3bdd6c1f1dc5f3b078b7b4d9deeb60f8ee2f9d802dd00023bb8ce753e1e53c5f377d5f4582f8ce753e1e53c5f377d5f400000000006e4f001d7dd27f9ff0040ca594d5ace003afba4ff003fe8194b2980840e35bdd6d27c4ef79da26fd081c6b7bada4f89def3b40451000000000263f8a5fbff00f457df90e098fe297eff00fd15f7e1531a008abcf0c5d74d6bc725fd316b4b65b862eba6b5e392fe98b5a4000000000163ce2edd46c1f9ecdf48b8de068ff176ea360fcf66fa45c6f000a71ae38a7180000000000b74ecef72707c4f17cd415165ba7677b9383e278be6a00f66d50e1c3a8dac7ccd9f48b2daf6a870e1d46d63e66cfa4590564800000000199783aeb5e85e59d33d2ed30d332f075d6bd0bcb3a67a5da05adc0000000000000000010b7c65f6034cc4b38dad62598e3ddc9ccec195187342ecee5bb97617791d119fe8e7cb953772eb2a4a5db6fad6691189c6a2ed7fe1bc0877a5aac255ff002e364529fd55de081e0019436273638db45a4e44abba16353c1b92e7dddac2fdb94b9ffc3bf7f3742d98a72ad49c1bed54359d9cc0cfe572aececc6191e18e45aed2f6fa77b7ca95947f6651af7c19d80000000000000000000010e5c6d3de0fa57ee298d43971b4f783e95fb8821c0000000001289c557ac1a8f933ef165176944e2abd60d47c99f78b22a7600115c4e313d79cef99c2f47b6d1e6f0f189ebce77cce17a3db68f000000000027cb8acf55333cb391e898492a46af159eaa66796723d130925428a8bed1775b3bc772bcecd6e8545f68bbad9de3b95e76623c58000000002d3dc16753f43f266279b8aac2b4f7059d4fd0fc9989e6e20cfcc03c29f53f5cf2665f9b933f300f0a7d4fd73c9997e6e40ab08000000003da6cef75b07c7717cec1e2ded3677bad83e3b8be7600b740008eee339d4f8794f17cddf57d160be339d4f8794f17cddf57d00000000001b93c0075f749fe7fd032965356b3800ebee93fcff00a0652ca6021038d6f75b49f13bde7689bf42071adeeb693e277bced0114400000000098fe297efff00d15f7e438263f8a5fbff00f457df854c68022af3c3175d35af1c97f4c5ad2d96e18bae9ad78e4bfa62d69000000000058f38bb751b07e7b37d22e3781a3fc5dba8d83f3d9be9171bc0029c6b8e29c600000000002dd3b3bdc9c1f13c5f35054596e9d9dee4e0f89e2f9a803d9b543870ea36b1f3367d22cb6bdaa1c38751b58f99b3e91641592000000000665e0ebad7a179674cf4bb4c34ccbc1d75af42f2ce99e976816b700000000000000000045df1aaeafe9de52fbbde4a2238f8cfe3d67b23665f03aae34ebcdbf9ab6726dff0e79d39ff00877c15ff0000048bf178e11a9a56ad5d332a7c9c1d4a71a4652aee8d9cbf6b09ff0086ed375b957c3d8e55ad231aa3a1d8171a1ac3c0f6d45ed5f64f4fcbbf2acf22319d8bd2af3d673b12adbec92afeb4e348ce5fb52ab678000000000000000000043971b4f783e95fb8a6350e5c6d3de0fa57ee208700000000004a27155eb06a3e4cfbc5945da5138aaf58351f267de2c8a9d800457138c4f5e73be670bd1edb479bc3c627af39df3385e8f6da3c00000000009f2e2b3d54ccf2ce47a26124a91abc567aa999e59c8f44c24950a2a2fb45dd6cef1dcaf3b35ba1517da2eeb6778ee579d988f16000000000b4f7059d4fd0fc9989e6e2ab0ad3dc16753f43f266279b8833f300f0a7d4fd73c9997e6e4cfcc03c29f53f5cf2665f9b902ac2000000000f69b3bdd6c1f1dc5f3b078b7b4d9deeb60f8ee2f9d802dd00023bb8ce753e1e53c5f377d5f4582f8ce753e1e53c5f377d5f400000000006e4f001d7dd27f9ff0040ca594d5ace003afba4ff003fe8194b2980840e35bdd6d27c4ef79da26fd081c6b7bada4f89def3b40451000000000263f8a5fbff00f457df90e098fe297eff00fd15f7e1531a008abcf0c5d74d6bc725fd316b4b65b862eba6b5e392fe98b5a4000000000163ce2edd46c1f9ecdf48b8de068ff176ea360fcf66fa45c6f000a71ae38a7180000000000b74ecef72707c4f17cd415165ba7677b9383e278be6a00f66d50e1c3a8dac7ccd9f48b2daf6a870e1d46d63e66cfa4590564800000000199783aeb5e85e59d33d2ed30d332f075d6bd0bcb3a67a5da05adc000000000000000001a89c3a699eaad89d5231a6f959b76b229dfddd82f5bb93afd5d26dbb7c2d4f02d65e1e462dde7b59362ed9b9f2c2ec25097fb56a0a800f4bac6977b073b270ef5375dc5bf76ccffc56e5585777c9cdbe95efd1e68077a52b5aeea6fad6b5e6a77eb5fc5d199b83ac38646d4e8d667bab09ea785caa57a251a5e85651ff0035295a7f10590f837d95f597673034faf3dcb56b957abe1bf7655bb77f84672ac63fb31a339800000000000000000000872e369ef07d2bf714c6a1cb8da7bc1f4afdc410e0000000000944e2abd60d47c99f78b28bb4a27155eb06a3e4cfbc59153b0008ae27189ebce77cce17a3db68f37878c4f5e73be670bd1edb47800000000013e5c567aa999e59c8f44c249523578acf55333cb391e898492a14545f68bbad9de3b95e766b742a2fb45dd6cef1dcaf3b311e2c00000000169ee0b3a9fa1f93313cdc55615a7b82cea7e87e4cc4f371067e601e14fa9fae79332fcdc99f9807853ea7eb9e4ccbf37205584000000001ed3677bad83e3b8be760f16f69b3bdd6c1f1dc5f3b005ba000477719cea7c3ca78be6efabe8b05f19cea7c3ca78be6efabe80000000000dc9e003afba4ff003fe8194b29ab59c0075f749fe7fd032965301081c6b7bada4f89def3b44dfa1038d6f75b49f13bde76808a20000000004c7f14bf7ffe8afbf21c131fc52fdfff00a2befc2a634011579e18bae9ad78e4bfa62d696cb70c5d74d6bc725fd316b480000000002c79c5dba8d83f3d9be9171bc0d1fe2edd46c1f9ecdf48b8de0014e35c714e3000000000016e9d9dee4e0f89e2f9a82a2cb74ecef72707c4f17cd401ecdaa1c38751b58f99b3e9165b5ed50e1c3a8dac7ccd9f48b20ac9000000000332f075d6bd0bcb3a67a5da61a665e0ebad7a179674cf4bb40b5b80000000000000000000083fe32fc1fcac67435ec6b7fa0cae45acbe4d3fb3c88d3936eed7e4bb0a726b5e8ec90e7af2ae51146b7dea5a662e662ddc5cab50bf8f7e1285cb73a6f8ca35ff00f37c6bd31ad295a5695a51011c267007ab69176e6469b6eeea1a6f3ca958539791629e0bd6e34eda94f8585393ba9be71877c23ed9e382f9c63b5da1d6bcdff8a6153f8caec634ff007ab05d69e1e965de0f7b27fc53a2722359ce9ab69d5a47c3c9c9b55fff00bad79a94e7a82d76000000000000000000000872e369ef07d2bf714c6a1cb8da7bc1f4afdc410e0000000000944e2abd60d47c99f78b28bb6c27075c22e6ecde6dfcac5b162fcefd8ec328dee5f2691e5c67be9c89479fb5efd776e05a61fc2738c63594ab4a4694ad6b5af35294a74d6b54177b2ab683e2ed33ff0098fce604db4e1cf69b5bc7962dcb9670f12e5374ece2c650ec91f05cb939ce72a7eb46958c254f6d1a83c3f0b7b4d6357dabd47331eb4958adc85ab32a744e162dc6d5274f927c9ace3f24a8d6e000000000004f97159eaa66796723d13092548d5e2b3d54ccf2ce47a26124a851517da2eeb6778ee579d9add0a8bed1775b3bc772bcecc478b0000000005a7b82cea7e87e4cc4f371558569ee0b3a9fa1f93313cdc419f9807853ea7eb9e4ccbf37267e601e14fa9fae79332fcdc815610000000007b4d9deeb60f8ee2f9d83c5bda6cef75b07c7717cec016e80011ddc673a9f0f29e2f9bbeafa2c17c673a9f0f29e2f9bbeafa00000000003727800ebee93fcff00a0652ca6ad67001d7dd27f9ff40ca594c042071adeeb693e277bced137e840e35bdd6d27c4ef79da0228800000000131fc52fdff00fa2befc8704c7f14bf7ffe8afbf0a98d00455e7862eba6b5e392fe98b5a5b2dc3175d35af1c97f4c5ad20000000000b1e7176ea360fcf66fa45c6f0347f8bb751b07e7b37d22e37800538d71c538c00000000005ba7677b9383e278be6a0a8b24bf078cfebd631ecd88e9fa756366d5bb74ad7b3efad211a4695afe9be4df504f6b543870ea36b1f3367d22ca35bd955b41f17699ffcc7e731c6d6f184d6758d232b4dbf85836ad65423194edf66e5d2919c67daf2aed69ee7e5e60681000000000332f075d6bd0bcb3a67a5da61a665e0ebad7a179674cf4bb40b5b800000000000000000000000c49ad6c26ceea12acf374bc1c8b92e9b93b16fb2f87fb5a5293fdfdb73be0683c18ecbe99934c9c1d331ec64477f26ef6f7270df4dd5e456eca7c8e6e6df1dd5ad2b5a74559e8000000000000000000000010e5c6d3de0fa57ee298d43971b4f783e95fb8821c00000000000000000000000001fb2c58b976ec2d5b8cae5cb938c2108d395294a55dd18c634e9ad6bd14efd413dfc57b1e70d92c8957a2eead9338ff8696316dff542bd1be9fc77d1242c1bc1c6cafacbb3981a74b7765b367957bbff00a7bb2addbdcfdfa4672ac635efc63467201517da2eeb6778ee579d9add0a8bed1775b3bc772bcecc1e2c00000000169ee0b3a9fa1f93313cdc55615a7b82cea7e87e4cc4f371067e601e14fa9fae79332fcdc99f9807853ea7eb9e4ccbf37205584000000001ed3677bad83e3b8be760f16f69b3bdd6c1f1dc5f3b005ba000477719cea7c3ca78be6efabe8b05f19cea7c3ca78be6efabe80000000000dc9e003afba4ff003fe8194b29ab59c0075f749fe7fd032965301081c6b7bada4f89def3b44dfa1038d6f75b49f13bde76808a20000000004c7f14bf7ffe8afbf21c131fc52fdfff00a2befc2a634011579e18bae9ad78e4bfa62d696cb70c5d74d6bc725fd316b480000000002c79c5dba8d83f3d9be9171bc0d1fe2edd46c1f9ecdf48b8de0014e35c714e30000000000000000000000000199783aeb5e85e59d33d2ed30d332f075d6bd0bcb3a67a5da05adc0000000000000000000000000000000000000000000000010e5c6d3de0fa57ee298d43971b4f783e95fb8821c00000000001249c59b4ac2cbd773e1958d632611d3b9518deb50bb1a4bb3d9a6fa5271af3fcbd3b811b62da5ff066cffc53a6fd8f1ff2cff83367fe29d37ec78ff960a968b697fc19b3ff0014e9bf63c7fcb3fe0cd9ff008a74dfb1e3fe582a5a2da5ff00066cff00c53a6fd8f1ff002cff0083367fe29d37ec78ff00960a968b697fc19b3ff14e9bf63c7fcb71ff00066cff00c53a6fd8f1ff002c155fd1767f52d46fd2c60625fcbbb5ad3b5b5094f76fefceb4e68d3c3295691a539eb54def039c055347b90d4f55e45dd4a94fd0d98d633b58bcaa7b6acb776f7fbdca8d7910e7e4d675dd3a48fe3e359b50e45ab70b50a7b9846918ff00a45fbc0000545f68bbad9de3b95e766b742a2fb45dd6cef1dcaf3b3078b0000000005a7b82cea7e87e4cc4f371558569ee0b3a9fa1f93313cdc419f9807853ea7eb9e4ccbf37267e601e14fa9fae79332fcdc815610000000007b4d9deeb60f8ee2f9d83c5bda6cef75b07c7717cec016e80011ddc673a9f0f29e2f9bbeafa2c17c673a9f0f29e2f9bbeafa00000000003727800ebee93fcff00a0652ca6ad67001d7dd27f9ff40ca594c042071adeeb693e277bced137e840e35bdd6d27c4ef79da0228800000000131fc52fdff00fa2befc8704c7f14bf7ffe8afbf0a98d00455e7862eba6b5e392fe98b5a5b2dc3175d35af1c97f4c5ad20000000000b1e7176ea360fcf66fa45c6f0347f8bb751b07e7b37d22e37800538d71c538c000000000005a8b40d8fd065a6614a5a5e9d294b131ab5ad712c56b5ad6d477d6b5ec7fee0aae8b697fc19b3ff14e9bf63c7fcb6af70cbb2fa358d8cd5aed8d3b06cdd859b5c9b96f1acc271ff98b54ed651852b4ff0050573800000000199783aeb5e85e59d33d2ed30d332f075d6bd0bcb3a67a5da05adc0001d41d80007003900000000000000000000000000000000000043971b4f783e95fb8a6350e5c6d3de0fa57ee208700000000004a27155eb06a3e4cfbc5945da5138aaf58351f267de2c8a9d80040000000000000001517da2eeb6778ee579d9add0a8bed1775b3bc772bcecc1e2c00000000169ee0b3a9fa1f93313cdc55615a57827bb09ec768958d7954f5bf1e3fe6847912a7f0952b4fe00d87601e14fa9fae79332fcdc99f9af3c2c5d84363b5b94ab48d2ba7e447f8ce3c98d3f8cab4a7efa82ad2000000000f69b3bdd6c1f1dc5f3b078b7b4d9deeb60f8ee2f9d802dd00023bb8ce753e1e53c5f377d5f4582f8ce753e1e53c5f377d5f400000000006e4f001d7dd27f9ff0040ca594d5ace003afba4ff003fe8194b2980840e35bdd6d27c4ef79da26fd081c6b7bada4f89def3b40451000000000263f8a5fbff00f457df90e098fe297eff00fd15f7e1531a008abcf0c5d74d6bc725fd316b4b65b862eba6b5e392fe98b5a4000000000163ce2edd46c1f9ecdf48b8de068ff176ea360fcf66fa45c6f000a71ae38a7180000000000b74ecef72707c4f17cd415165ba7677b9383e278be6a00f66d50e1c3a8dac7ccd9f48b2daf6a870e1d46d63e66cfa4590564800000000199783aeb5e85e59d33d2ed30d332f075d6bd0bcb3a67a5da05adc0075760000001c0391c00e40000000000000000000000000000000010e5c6d3de0fa57ee298d43971b4f783e95fb8821c0000000001289c557ac1a8f933ef165176944e2abd60d47c99f78b22a760010000000000000000545f68bbad9de3b95e766b742a2fb45dd6cef1dcaf3b3078b00000000049c701dc3563e8d66ba4eab59d306b72b3c7bf1a567ea694ebbe70b918f6d5b52976fbe34aca13acb7d25196f846380b5bffe90f65fd4fea8f5e74cec5bb7f2bd5763fd393cbe56ff00d9ddcadfcdbb7a213872e1a71b57b3eb469559cb0697233c8c8ad2b1f54ca15df084232edbb1465dbd652a52539c63ba948c77ce30c00000000001ed3677bad83e3b8be760f16f69b3bdd6c1f1dc5f3b005ba000477719cea7c3ca78be6efabe8b05f19cea7c3ca78be6efabe80000000000dc9e003afba4ff003fe8194b29ab59c0075f749fe7fd032965301081c6b7bada4f89def3b44dfa1038d6f75b49f13bde76808a20000000004c7f14bf7ffe8afbf21c131fc52fdfff00a2befc2a634011579e18bae9ad78e4bfa62d696cb70c5d74d6bc725fd316b480000000002c79c5dba8d83f3d9be9171bc0d1fe2edd46c1f9ecdf48b8de0014e35c714e3000000000016e9d9dee4e0f89e2f9a82a2cb74ecef72707c4f17cd401ecdaa1c38751b58f99b3e9165b5ed50e1c3a8dac7ccd9f48b20ac9000000000332f075d6bd0bcb3a67a5da61a665e0ebad7a179674cf4bb40b5b8003872ea0ec000e1c80e1cbabb00000000000000000000000000000000000872e369ef07d2bf714c6a1cb8da7bc1f4afdc410e0000000000944e2abd60d47c99f78b28bb4a27155eb06a3e4cfbc59153b00080000000000000002a89c20695730b69756c69d2b1adbcfc9e4efefdb9dc94ed4bfcd094654f92ab5da27b8c47055919bff008e69d6a576fdab74866598537cee5a853b4bf18fba95b8f6b38f3d6b6f932a7b496f084400000000000000000000000065ad83d32e66ed1e958d6f7d65773f17fcb08dc8ca72ff002c295957e4a312a6d78bb70579187ff8f6a16eb6eeddb55861599d374e16ee53b7c8953dcd671ed2df457b1ca75ad3b788259c00477719cea7c3ca78be6efabe8b05f19cea7c3ca78be6efabe80000000000dc9e003afba4ff003fe8194b29ab59c0075f749fe7fd032965301081c6b7bada4f89def3b44dfa1038d6f75b49f13bde76808a20000000004c7f14bf7ffe8afbf21c131fc52fdfff00a2befc2a634011579e18bae9ad78e4bfa62d696cb70c5d74d6bc725fd316b480000000002c79c5dba8d83f3d9be9171bc0d1fe2edd46c1f9ecdf48b8de0014e35c714e3000000000016e9d9dee4e0f89e2f9a82a2cb74ecef72707c4f17cd401ecdaa1c38751b58f99b3e9165b5ed50e1c3a8dac7ccd9f48b20ac9000000000332f075d6bd0bcb3a67a5da61a665e0ebad7a179674cf4bb40b5b8000eaec0000000387200000000000000000000000000000000000d42e153827b5b51ea0ec99b3c3f50faab7726d52ef2fb3f60e9df721c9e4f62f977f2bbdb9b7a0222bd89f89f1ddefb243f3cf627e27c777bec90fcf4ba82a22bd89f89f1ddefb243f3cf627e27c777bec90fcf4ba8088af627e27c777bec90fcf3d89f89f1ddefb243f3d2ea0222bd89f89f1ddefb243f3db2bc18702f676673f232edea1732eb7f1fb0f2656696a91a76484f95be9727bfdaf47cade0040000000000000000000006956d9700fb2fac5d95fec33c0ca9d6b595dc4ac611b92af3efb9665195bad7a6b2946309cab5eda756afd78a7e26feed5fdde290fcf4ba8088af627e27c777bec90fcf3d89f89f1ddefb243f3d2ea0a88af627e27c777bec90fcf3d89f89f1ddefb243f3d2ea0222bd89f89f1ddefb243f3cf627e27c777bec90fcf4ba8088af627e27c777bec90fcf3d89f89f1ddefb243f3d2ea0222bd89f89f1ddefb243f3cf627e27c777bec90fcf4ba8088af627e27c777bec90fcf3d89f89f1ddefb243f3d2ea0222bd89f89f1ddefb243f3ca714fc4dfcfad5fdde290fcf4ba80d28d8ee01765f48bd0c8ec5733f2add6958ddcbac67184a9eeadd98c636e95efc652a4e51ad37c654ab75c040006be7093b070da3d263a7cf2658b1a645bbfd9236e972bbe119c793c9aca3d3cbe9dfde686fb13f13e3bbdf6487e7a5d404457b13f13e3bbdf6487e79ec4fc4f8eef7d921f9e975054457b13f13e3bbdf6487e79ec4fc4f8eef7d921f9e97501115ec4fc4f8eef7d921f9e7b13f13e3bbdf6487e7a5d40472ec2717bc7d0f5dc5d521aa5dc9962f67dd6a58f1b749765b176c7b6a5d96eddd9395d15dfbb72468041a57c28f0396769b2b16fcf3e787ea5b33b748c6cd2ef2b952e56fdf5b90ddfeedd401115ec4fc4f8eef7d921f9e7b13f13e3bbdf6487e7a5d415115ec4fc4f8eef7d921f9e7b13f13e3bbdf6487e7a5d404457b13f13e3bbdf6487e79ec4fc4f8eef7d921f9e97501115ec4fc4f8eef7d921f9edb8e0af827b5b2feafec79b3ccf577a977f2ad52d723b0767e8dd727cae5765f937727bfbdb7a080008cedaee2e18dab6b199a8cb56bb66b977ab72b6e98d19d21cd4a6ee5766a6fe8e9dd463bf627e27c777bec90fcf4ba82a22bd89f89f1ddefb243f3cf627e27c777bec90fcf4ba8088af627e27c777bec90fcf3d89f89f1ddefb243f3d2ea0222bd89f89f1ddefb243f3cf627e27c777bec90fcf4ba80c27c1fec74341d16ce990bf2c98d99de976594296eb2ecb72573dad252e8dfe1e766c0104457b13f13e3bbdf6487e7a5d404457b13f13e3bbdf6487e79ec4fc4f8eef7d921f9e975054457b13f13e3bbdf6487e79ec4fc4f8eef7d921f9e97501115ec4fc4f8eef7d921f9e7b13f13e3bbdf6487e7a5d404457b13f13e3bbdf6487e7a56f4fc4ec18b62c72b95d86cdbb7cae8dfc88d23bf77cbb9f681062bdb5d998eb3a2e5e992bd5b11cb84235b948f2eb1e4dc85cf6bca8efdfc9ddd34e965401115ec4fc4f8eef7d921f9e7b13f13e3bbdf6487e7a5d415115ec4fc4f8eef7d921f9e7b13f13e3bbdf6487e7a5d404457b13f13e3bbdf6487e79ec4fc4f8eef7d921f9e97501115ec4fc4f8eef7d921f9ef5bb3fc5971b0354c1ce8eaf7aed70b331b2690ae346349d6c5d8dde4f2bb357772b93bb7eeaeedfd0948040001c390000070e4000000000000000000000000000000000000000000000000000000000000000000000000000000000001c0391c3900000000000000000000000000000700390000000000000000740771d5d800001c39000000000000000000000000000000000000000000000000000000000000000000000000000000000000000001d41d87576001c0390740771d1dc01c39007501d87501d87501d87576000007501d87501d81d41cb90000001c0390700e400000075720e470e400000001c3900000000000000700391d5d8070e4000000000000000000000000001c0390001d5d8007f1ad7a39abcff00edfbff00f2e6f0fefa83fb0380723801c8ea03b0e8ee0000000000000000000000000000000000000000000000000000000000387203872000000000000000fc56322ddd8d650af2a949dc877e9db5b9cadce9cfe0946b4f97a69be8fda0000000000000000000000000000000000000387200000000000000000000000000000000000000000000000000003872000003872000000000000e01c80000000000000000000000000000000000000000000000000000000003a83b38720387200000000000000000000000038072000000000000000003abb0e01c3b003872000000000000000000000000000000000000000000000000000000000000000380720000000000000000000000000000000000000000000000000000000000000e01c800000000000000e1c80000000000000000000000387200000000000000000387200000000000000000e1c80e072038720038720000000000000000000000000000000000000000000000000387200000000000000000000000000000000000000000000000000000000000000000000000000000000000000000000000000000000000000000000000000000000000000000000000000000000000000000000000000000000000000000000000000000000000000000000000000000000000000000000000000000000000000000000000000000000000000000000000000000000000000000000000000000000000000000000000000000000000000000000000000000000000000000000000000000000000000000000000000000000000000000000000000000000000000000000000000000000000000000000000000000000000000000000000000000000000000000000000000000000000000000000000000000000000000000000000000000000000000000000000000000000000000000000000000000000000000000000000000000000000000000000000000000000000000000000000000000000000000000000000000000000000000000000000000000000000000000000000000000000000000000000000000000000000000000000000000000000000000000000000000000000000000000000000000000000000000000000000000000000000000000000000000000000000000000000000000000000000000000000000000000000000000000000000000000000000000000000000000000000000000000000000000000000000000000000000000000000000000000000000000000000000000000000000000000000000000000000000000000000000000000000000000000000000000000000000000000000000000000000000000fffd9);
INSERT INTO `boutique` (`ID`, `ID_MARQUE`, `ID_LOCAL`, `LOGO`) VALUES
(4, 4, 1, 0x89504e470d0a1a0a0000000d49484452000003fc000002a80806000000cac9f4ae000000097048597300000b1300000b1301009a9c1800000a4f6943435050686f746f73686f70204943432070726f66696c65000078da9d53675453e9163df7def4424b8880944b6f5215082052428b801491262a2109104a8821a1d91551c1114545041bc8a088038e8e808c15512c0c8a0ad807e421a28e83a3888acafbe17ba36bd6bcf7e6cdfeb5d73ee7acf39db3cf07c0080c9648335135800ca9421e11e083c7c4c6e1e42e40810a2470001008b3642173fd230100f87e3c3c2b22c007be000178d30b0800c04d9bc0301c87ff0fea42995c01808401c07491384b08801400407a8e42a600404601809d98265300a0040060cb6362e300502d0060277fe6d300809df8997b01005b94211501a09100201365884400683b00accf568a450058300014664bc43900d82d00304957664800b0b700c0ce100bb200080c00305188852900047b0060c8232378008499001446f2573cf12bae10e72a00007899b23cb9243945815b082d710757572e1e28ce49172b14366102619a402ec27999193281340fe0f3cc0000a0911511e083f3fd78ce0eaecece368eb60e5f2deabf06ff226262e3fee5cfab70400000e1747ed1fe2c2fb31a803b06806dfea225ee04685e0ba075f78b66b20f40b500a0e9da57f370f87e3c3c45a190b9d9d9e5e4e4d84ac4425b61ca577dfe67c25fc057fd6cf97e3cfcf7f5e0bee22481325d814704f8e0c2ccf44ca51ccf92098462dce68f47fcb70bfffc1dd322c44962b9582a14e35112718e449a8cf332a52289429229c525d2ff64e2df2cfb033edf3500b06a3e017b912da85d6303f64b27105874c0e2f70000f2bb6fc1d4280803806883e1cf77ffef3ffd47a02500806649927100005e44242e54cab33fc708000044a0812ab0411bf4c1182cc0061cc105dcc10bfc6036844224c4c24210420a64801c726029ac82422886cdb01d2a602fd4401d34c051688693700e2ec255b80e3d700ffa61089ec128bc81090441c808136121da8801628a58238e08179985f821c14804128b2420c9881451224b91354831528a542055481df23d720239875c46ba913bc8003282fc86bc47319481b2513dd40cb543b9a8371a8446a20bd06474319a8f16a09bd072b41a3d8c36a1e7d0ab680fda8f3e43c730c0e8180733c46c302ec6c342b1382c099363cbb122ac0cabc61ab056ac03bb89f563cfb17704128145c0093604774220611e4148584c584ed848a8201c243411da093709038451c2272293a84bb426ba11f9c4186232318758482c23d6128f132f107b8843c437241289433227b9900249b1a454d212d246d26e5223e92ca99b34481a2393c9da646bb20739942c202bc885e49de4c3e433e41be421f25b0a9d624071a4f853e22852ca6a4a19e510e534e5066598324155a39a52dda8a15411358f5a42ada1b652af5187a81334759a39cd8316494ba5ada295d31a681768f769afe874ba11dd951e4e97d057d2cbe947e897e803f4770c0d861583c7886728199b18071867197718af984ca619d38b19c754303731eb98e7990f996f55582ab62a7c1591ca0a954a9526951b2a2f54a9aaa6aadeaa0b55f355cb548fa95e537dae46553353e3a909d496ab55aa9d50eb531b5367a93ba887aa67a86f543fa47e59fd890659c34cc34f43a451a0b15fe3bcc6200b6319b3782c216b0dab86758135c426b1cdd97c762abb98fd1dbb8b3daaa9a13943334a3357b352f394663f07e39871f89c744e09e728a797f37e8ade14ef29e2291ba6344cb931655c6baa96979658ab48ab51ab47ebbd36aeeda79da6bd45bb59fb810e41c74a275c2747678fce059de753d953dda70aa7164d3d3af5ae2eaa6ba51ba1bb4477bf6ea7ee989ebe5e809e4c6fa7de79bde7fa1c7d2ffd54fd6dfaa7f5470c5806b30c2406db0cce183cc535716f3c1d2fc7dbf151435dc34043a561956197e18491b9d13ca3d5468d460f8c69c65ce324e36dc66dc6a326062621264b4dea4dee9a524db9a629a63b4c3b4cc7cdcccda2cdd699359b3d31d732e79be79bd79bdfb7605a785a2cb6a8b6b86549b2e45aa659eeb6bc6e855a3959a558555a5db346ad9dad25d6bbadbba711a7b94e934eab9ed667c3b0f1b6c9b6a9b719b0e5d806dbaeb66db67d6167621767b7c5aec3ee93bd937dba7d8dfd3d070d87d90eab1d5a1d7e73b472143a563ade9ace9cee3f7dc5f496e92f6758cf10cfd833e3b613cb29c4699d539bd347671767b97383f3888b894b82cb2e973e2e9b1bc6ddc8bde44a74f5715de17ad2f59d9bb39bc2eda8dbafee36ee69ee87dc9fcc349f299e593373d0c3c843e051e5d13f0b9f95306bdfac7e4f434f8167b5e7232f632f9157add7b0b7a577aaf761ef173ef63e729fe33ee33c37de32de595fcc37c0b7c8b7cb4fc36f9e5f85df437f23ff64ff7affd100a78025016703898141815b02fbf87a7c21bf8e3f3adb65f6b2d9ed418ca0b94115418f82ad82e5c1ad2168c8ec90ad21f7e798ce91ce690e85507ee8d6d00761e6618bc37e0c2785878557863f8e7088581ad131973577d1dc4373df44fa449644de9b67314f39af2d4a352a3eaa2e6a3cda37ba34ba3fc62e6659ccd5589d58496c4b1c392e2aae366e6cbedffcedf387e29de20be37b17982fc85d7079a1cec2f485a716a92e122c3a96404c884e3894f041102aa8168c25f21377258e0a79c21dc267222fd136d188d8435c2a1e4ef2482a4d7a92ec91bc357924c533a52ce5b98427a990bc4c0d4cdd9b3a9e169a76206d323d3abd31839291907142aa214d93b667ea67e66676cbac6585b2fec56e8bb72f1e9507c96bb390ac05592d0ab642a6e8545a28d72a07b267655766bfcd89ca3996ab9e2bcdedccb3cadb90379cef9fffed12c212e192b6a5864b572d1d58e6bdac6a39b23c7179db0ae315052b865606ac3cb88ab62a6dd54fabed5797ae7ebd267a4d6b815ec1ca82c1b5016beb0b550ae5857debdcd7ed5d4f582f59dfb561fa869d1b3e15898aae14db1797157fd828dc78e51b876fcabf99dc94b4a9abc4b964cf66d266e9e6de2d9e5b0e96aa97e6970e6e0dd9dab40ddf56b4edf5f645db2f97cd28dbbb83b643b9a3bf3cb8bc65a7c9cecd3b3f54a454f454fa5436eed2ddb561d7f86ed1ee1b7bbcf634ecd5db5bbcf7fd3ec9bedb5501554dd566d565fb49fbb3f73fae89aae9f896fb6d5dad4e6d71edc703d203fd07230eb6d7b9d4d51dd23d54528fd62beb470ec71fbefe9def772d0d360d558d9cc6e223704479e4e9f709dff71e0d3ada768c7bace107d31f761d671d2f6a429af29a469b539afb5b625bba4fcc3ed1d6eade7afc47db1f0f9c343c59794af354c969dae982d39367f2cf8c9d959d7d7e2ef9dc60dba2b67be763cedf6a0f6fefba1074e1d245ff8be73bbc3bce5cf2b874f2b2dbe51357b8579aaf3a5f6dea74ea3cfe93d34fc7bb9cbb9aaeb95c6bb9ee7abdb57b66f7e91b9e37ceddf4bd79f116ffd6d59e393dddbdf37a6ff7c5f7f5df16dd7e7227fdcecbbbd97727eeadbc4fbc5ff440ed41d943dd87d53f5bfedcd8efdc7f6ac077a0f3d1dc47f7068583cffe91f58f0f43058f998fcb860d86eb9e383e3939e23f72fde9fca743cf64cf269e17fea2fecbae17162f7ef8d5ebd7ced198d1a197f29793bf6d7ca5fdeac0eb19afdbc6c2c61ebec97833315ef456fbedc177dc771defa3df0f4fe47c207f28ff68f9b1f553d0a7fb93199393ff040398f3fc63332ddb000000206348524d00007a25000080830000f9ff000080e9000075300000ea6000003a980000176f925fc546000033b34944415478daecdded751b47ba2ed0d75efe5d172702c3110c1c81a108068a4060042223101581a4080845203a024111081381712238984ec0f7078a638e4c8a2009545577efbdd6acb9738fad86aaabbbeae9fafae1cf3fff0c00000060587e540400000020f003000000023f00000020f003000000023f00000020f003000080c00f00000008fc00000080c00f00000008fc00000080c00f000000023f00000020f003000000023f00000020f003000000023f00000020f003000080c00f00000008fc00000080c00f00000008fc00000080c00f000000023f00000020f003000000023f00000020f003000000023f00000020f003000080c00f00000008fc00000080c00f00000008fc00000080c00f000000023f00000020f003000000023f00000020f003000000023f00000020f003000080c00f00000008fc00000080c00f00000008fc00000080c00f000000023f00000020f003000000023f00000020f003000000023f00000020f003000080c00f00000008fc00000080c00f00000008fc00000080c00f000000023f00000020f003000000023f00000020f003000000023f00000020f003000080c00f00000008fc00000080c00f00000008fc00000080c00f000000023f00000020f003000000023f00000020f003000000023f00000020f003000080c00f00000008fc00000080c00f00000008fc00000080c00f000000023f00000020f003000000023f00000020f003000000023f00000020f003000080c00f00000008fc00000080c00f00000008fc00000080c00f000000023f00000020f003000000023f00000020f003000000023f00000020f003000080c00f00000008fc00000080c00f00000008fc00000080c00f000000023f00000020f003000000023f00000020f003000000023f00000020f003000080c00f00000008fc00000080c00f00000008fc00000080c00f000000023f00000020f003000000023f00000020f003000000023f00000020f003000080c00f00000008fc00000080c00f00000008fc00000080c00f000000023f00000020f003000000023f00000020f003000000023f00000020f003000080c00f00000008fc00000080c00f00000008fc00000080c00f000000023f00000020f003000000023f00000020f003000000023f00000020f003000080c00f00000008fc00000080c00f00000008fc00000080c00f000000023f00000020f003000000023f00000020f003000000023f00000020f003000080c00f00000008fc00000080c00f00000008fc00000080c00f000000023f00000020f003000000023f00000020f003000000023f00000020f003000080c00f00000008fc00000080c00f00000008fc00000080c00f000000023f00000020f003000000023f00000020f003000000023f00000020f003000080c00f00000008fc00000080c00f00000008fc00000080c00f000000023f00000020f003000000023f00000020f003000000023f00000020f003000080c00f00000008fc00000080c00f00000008fc00000080c00f000000023f00000020f003000000023f00000020f003000000023f00000020f003000080c00f00000008fc00000080c00f00000008fc00000080c00f000000023f00000020f003000000023f00000020f003000000023f00000020f003000080c00f00000008fc00000080c00f00000008fc00000080c00f000000023f00000020f003000000023f00000020f003000000023f00000020f003000080c00f00000008fc00000080c00f00000008fc00000080c00f000000023f00000020f003000000023f00000020f003000000023f00000020f003000080c00f00000008fc00000080c00f00000008fc00000080c00f000000023f00000020f003000000023f00000020f003000000023f00000020f003000080c00f00000008fc00000080c00f00000008fc00000080c00f000000023f00000020f003000000023f00000020f003000000023f00000020f003000080c00f00000008fc00000080c00f00000008fc00000080c00f000000023f00000020f003000000023f00000020f003000000023f00000008fc8a00000000047e000000a0077e5204009cda0f3ffcd0fc6f4c29cd22621e113f47c42c22a6f93f0fd945c42622b611f1af88d8745db776d781fbfcf9e79f0a0128d307f3c201608c813fa534cd01ff9f11b138c125d611f17b445c775db7550b00811f10f80110f84f1bf497270cf9f7d944c4871cfe776a0408fc0045fa6029a5cf8dffc62ff9bf77b9c3b41deb4849e17bf5b1ebbad508cb781611ef0a5ef2e5313aff29a577b19f825cc245d7759b81d78392e5f9f1dffffef7e09fb5da813fa5348988f388781d11938a3f659783ffcaa87fb3cfe4636d22e2dfb7fef7fad6ff7b3bf6fbdcf8bd1ba251f6df1ea87fe727f8a35f58bad5eb677d17fb2578b733666fdfd90f7d40fc29f6d3195b36bfa342dd34b09b7cb3d6430f20f795c5097d19e9fb6a52b89c67df740e9ff3e7cc0b96d1d0952ccfb13e6b630bfab79f9f3711f126a5f43e22de1af16fee997c6edbfce69e3ecb2e3fefdbdca95cbb7768534efefe5f9ee88f7f75a4fe9b67bd9ec53df5e6e69dbdcd397313fbbd79b67dbd313ff5bc52cd6edd9c5d7ef0be84f592003a7bfba9fbefa2dd8f54e711b14c29bdedbaeebd3b36f88ef07f7d1cb8d5a9bce9bbac7dfc81a35a9ef0fd7ff3ee963786fbce9eddfe28f04dd6ecd560f3908ee59be49bf22e22fe48297d4d299de74d9900184fd09fe6255057d1fe8c944944bccb6dd6ccdd1b65a7f23c223e45c4ffa5943eebbbc0d1bc2ef04181f1b89d35bfa694fe2fa57495525a08fc751bd19bf0ff398ff40030ecb0bf8c88afd1bf29c4b3dc81387717476d7eabeff2a90f1d4968b42d98c761c7aab6fc4181f63f002c23e2534ae9cf96c3ff8f23b921f388b84a29fd9152bacc6b7a00185607ef2afa31aaff3def72d0d34eb1c81dc93f0c5ac0a3bd2a11f83c9bdcb2bcf5cebe6c69a6d68f23bb11d3d86fa623f8030c27e84f524a5f6338d32b1711f1d9147f6ef55d6e062de68a031e6e130ab60746f9f95edebc6a21f8ff38d21b31b91dfcd54b80de76eca611f1398677ecd74ce8e78e4ee4673340e041e725dfd5ded37cc7b285e0ffe3c86fc224f64723f96a0ed0bfb03f8bfd7afda176b626423f7758e40ee45251c09d5e15be9e517e1e13fc27027f1dd3f0d51ca04f617f1afb91fda1bfb3857eeeab1757fa2df0b7b66111a7dfacef6f61ce73c82383ffb9c05fcf22f6bb24cf150540b31dba49ec8f311b4b074be8e77bfd167503fef2aad275cf153d8f68d3dfe553e4a6027f1dd3dc785e2a0a80260d71cdfe211d842ba348dc6196fb2d7345c198e5f0b4a874f957ee008f348ffd40f3c9ebacc07fbf37f9cb8bce15403b1dbaab1186fddbc1ee4a2de00e931cfa978a8211abb9967eeaf9e389efee4f29a577027f3df330550ea095b0bf88e11cbdf7548bd26bffe8952ba18311ab5df78df2f354e7a7dc9345e07fd84ce807a81ef6276174fbc63b6d12423ffc571bb18cfafbbaccbd9b798645ce9c47afc702ff6126423f40dd1013e3d9a4efa0d0af087820f4cf150323d2cae8ba23fa788ed92942bfc02ff403342d07978592f82f73a3b83ce0933e0b236923a6b15f86db8285fdbf682df40bfc423f40eb4ce5bfdb3b1d4b1ee8b338d9813178d3d873b7744b3842e8ff24f0d70ffd534501705a7914dbfbf6fef6e85c31f040a7d1073386dc464ca2bd1960a6f5730cf37c3291c05fb193f5c9577380937ba308742c79964589739ea156fd8ef6f677997ae63892e53196ef09fc4f370b5fcd014ec6e8fe835611f1ab62e000a6f63354affd2e06eed927f308fccfb348295d2a06001da6c241ff97aeebcebaaedb2a0e0e3009273b30307943d759a33f6f6ef92f477c7f3f6b90f92765f86c6f524aebaeebd68a02e0681db959231db95d44ac23e25f77fcdf7e8efdced0a53a75eb8878abbde1899629a58fea0f03f2aaf1dff72622cedc268e609652baecbaee52e0afe72aa5f46bd7753b450130888edc2a220e0a47f9e3c4eb38ddcecc823ec70c20ea11bd9797a82c1bff998b94d2857cc091bc4e29ad9e32b34fe03f8e696e442f1405c0713a4a95aebb8e888baeeb3687fe0bf99f3d4b29bd8dfdb4e9c5117f8ba05fde26f6333b0e358976a7157f6b9e529aab530cc0b207bf7192db8395dbc591ead393668d940cfcdb88f878c03ff773fc353d7216ededbc799ff394d2ef1a5180e7c923e6d30a977efbd4e97239f86f23e265de6cf039ebedae23e283f6a49a8ba7967d1e75bca9bfd388f82df6cb3e5af23a863bcabf8988df475e7fc7f2dee8cb1e2f6f04fe93d5f32f07feb3ff2ffefba3ec24faf391f65bcb94d2dbc78ef2170dfc4fed48e54d39e611f18f68efaccddbde851d93019eabc67bfeacebbaa374cabaae5ba594b611f1291ef7d17a953f3a6c55817eca5377d777f4631611f1cf68e308b1454a693ad07a76e143d9f0e55c30edc9cf9d9a5573125f9ef381fe9bba74f301e0b7e8c760f3a347f97bb14b7fd775ebaeeb2ebbae7bd975dd0f11f132f62320ad99a594ce3d8300cff25b5fc3feed76eb110df22aecba3ff40f01d75dd79d45c42f11f1361eb764e01496ee0a3df6daefe58819f33ae7cc175dd7fd4fec076fdfc77e767a8b968f3d01e2c79ede9cebaeeb5e36d470def6c659b700cf322f78add5b1c3feedb62ab751823e3775629747a57ec91dca5a5eb91bf4510e3a8b9efdec8523fa7af59ede745d77d175dd2f39fcaf1afc99cbc107fe5b37647babe17cdbc8cf9a44c4b9c705e0499db959c1cbede2c49bade6366a23e87347f0bf88fd8cc55d859f302dfcac4195a0d310a3fcfd0dff6711f13fd1d620f3a3ead38f03b919375fcc7fbda36355e52618e50778929221a4d4714917823ef7f45fae23e245a54ea4517efaa8aff576291b0c266b5e37f09326796f98f104fe5b3763d375ddaf517fb47f1246f9019e625ae83abb534de5bfa36d5a47c4af823ef7f55d623fd25fda5ce9d327f90494694f7ffe24fab71481bfbfafb77959f959d41fedffe72803ffad9b7119f5a6c9dd307507e0f17e2e749d55c9bf540e75705ffd5847f9c18a9911477aa6efb3526483e1bcb357516f76d68dc5a8037fbe11d7956fc4247f8904e070d342d7f95d51d358bfe532caef0a3d57f2f441def4aeeff575968f816318efec4d0359f3a0faf4a31b7152bee401b4d93eac95020d2a3ecaafc8e989a1f4a9ed9d216b1e93c0dfc08d98d90517a0391b4540a3ae0bf757fea1c8695d5e7ab21cc85f67e988be4166cd8b4a97ff4de06fe346f89207d0969d22a0d1feca2e22d6052f3951eaf4c062607575e9960eeeddbd2afceebe3117f8ff7e2356955e5200008728b9bfc44c71d303affd7de881b31a173d6436f98f23bb1117517e439ca969fd004df14ea66525fb2913c54dcb721f7a68ef6c1b7b0f503e767755e1d25381ffbf6fc42eea7c7d59780c009aea6c093ab4da57592b05f88fa18e865bf23b4c1f2a5c7326f0dfdd90966e4cffa9fe033465ae08e03f1ba241ab757331d436c80ce041e6cc4d949f4dfee0e6ab3f8ef47e94dec06fa641053848a986d287585ab62bd94751dc346a1965979d943e16d35afe61ba2e7cbd079f915106fefcf5655df8b273f51fe041ff5be83a0b1f6269d8461140d140bceebaee32ca7e6c5b6a8706e98bc0df8ed25ff166ea3f40334167128e46a25d4200a396529ac7019b911dd1c7fcdfabc27fd573777b70b6ad65ccd106febc96bfe40df94dfd0768aaa17c63748546cd06faccc1a14a6e6ab7cbc7774794df74cde67dc3cb989bd67ed38f23bf27d7036dbc0134940f9b44c4955267e4cf9cc04f53524ad3283b03ebfa9be7615df0da5347f40dd24ee06fc7c7921dcbfc0203e0fb4a76b61629a573454e636107c6ac74007e5b311f4418e51fa28dc0df880a472768c4011e567ac39b77465868c8ace0b5b68a9b06950cc09b6f67b9e4e9fdbb82bf61ee431f02ff69ad057e80a65c57b8e695d04f234a1e1929f0d39494d2a2707ff9be35fbabc27ff537ee3e02ffe9fc4be007684785d957b743ffdc1da0b245c16b7d51dc34a6e8667d71ff07e6d29bf7392a1681ff84368a00a039d795aefb29a53453fcd49047374b76faf58168a9fe4fa3ec07afebaeeb7677fd1f2a6cde370947c50e4953fd88d107fe7c3c5f298ee60338cc874ad79d44c467a19f4a5e17bede5a9133e2faff503bf371e07f7f4edb97286523f003d03b154657ee0afd53778252f2e8febc6427f1bed14da86459b8fe6f1e6887565176f3be697e0fd0ef77f9acf0251faca302ffde5a110034e763c56b4f623fbd7fe23650a083388988ab113d5ff0ed33b08cb2a3a287ce225b152e0aa3fcfd3715f801e0007974655bf127cc623fd22ff473eab0ffb970d889a8b74f06dca595cdfa9efa61e0581cd1d77fa597703fb801bdc00f40cbde56bebed04f89b03f2b7ce9f5b7678f43c5e760166597b35c1fba9ca5d2f232a3fcfd362f7cbd07dfe5023f00cdcaa3fc9b0642ff3b778313849c1a613fc2747edad2da667db59f97a58fccbd7daf4f2bbcd3057e007aefa281dfb04c295db9151ca1433849295d46c4d74a617f9b3fa44113cf43943d8aefc1cdfabe5561f3bed265c2f114bf6f879c3827f003d0b4dc98b51050847e9e136ca639e8ff11116f2afe94b7ee068d05a449c1eb3d754d7ee936e88daad14ba567ab6c0ef98704febda9220068da45941d61f95ee85fba1d1c18f2e729a5f394d2d75b417f52f1276d8ceed39892c176174fdfacb2f4b4fe694a69ae7af4ea7dbfac90290f0afc3fb93d023f40ebbaaedba5945ec67ecd736d5729a5185370bad5f1fcb603ba1ae0e66faf9ed9d1fe47ee57cc1afcbb5d0cbcaabe1a6948eae57398ef55c93ef8c19bf5ddd1066d524a9bc2cff5eb7074789fd49895f145e03fec6553f245b3f52c003c39f4af534a6fa38da98e830dfdb95d5ce4e0fa50877c1711ef075604cb813e42ef0f59ebe9def5d2baa77dcc5785aff7e108ff7ec9655d8b94d2d4891abd68372fa3ce00f241ef7453facbde9cff55dc00cf0afd97d1cef9e1eff24eeb43e8accc524aef524a7fc47eeaf9bb1c9e1e6a23276a652f6cc3da7dda7ae74ca2ec079a476fd67787eb28bfb46ca9b6345f97e7516720627be8c72081bfec59893bc50df06c6751ffa8be9bb0fbb9afa13fef16bfccebcbbf46c47958e236542f9f3a95190612649f3bba1ff919ba2efcbb5fab2a4db7a3b388f854e9f207d745813fe2b782d7da286e80a374ba5e08fdcf0afa97b11fc9bf8a36d79a733c674718d9843e07d96306f50f85cb6962a3d876dbd2dc864e2afd8483379214f8cb8ef06f1537c0d1dedd93467ecb24f66bfa27ad175a4ae93cdad82d9e32dedb959f06df438be8c9667ddfca1fcf36858bcc287f7b757896dbd259a59fb07dcc87dc1f477eb31625af67d30d8067bfb72729a54fb19f42376de8a7cd623fd23f69b4dce679eafe3b417f34565dd75d28061ad4b7cdfa4efde73dd8be38a2afa9f67419fb13836ab6a58faa83631fe1ff67c16bad3d2200cf6a6417b1ffa2be68f427cea28d6303bf2db777f977cdd4a25185fd33c54083efa369e177f8e6044b5aaea3fcbe5cafd49efa7537a5f439ea4ee3ffcf3b5ee03feca64d4abf703c2a004f7e675fc67e547fd2f84f9da594ae1a29b3691ed53f5783847d68c4b2f0f58e3e1a5f69f3be65e1a3c4f9efb6f42af6030ef346def13b81ff308bc21dc72f1e19804737b43753f8dff4e8672f6b87fe3cfdf36b18d51f65ff26a574d9873d2518a5a29bf59d700f8b0f15ca6ea9fa946d476f05fd96cafed147ac8e39f097ee3cae3d3a008f0bfbb19f8abee8e1cf5fe6a9f435ca6d19f5d71752cf24f771be96deab080e7837957c2f9d2aecd7dabccfb4fe13f739524a8b94d2bb94d21fb91d5d36f633574fd913eea711bf70a6052fb971fe2dc0a3ded3b3686f63bec73a4f29fdabe42ee9b97dbb5283c8cfcea794d23af647f36d150995f57db3bebbfefc92efdb694a69e9e48da3f53126b19fa2ff73ec67c3cd1affd9bb78c2e8fe68037f18dd0768bd211eca08f5554a294a74d0847dee318ffd68ff59d775d78a834aeff569945dffbc2ef091eb3aca9f7cf22a4e3873a1475ea5947e7be4bf338d7e0f227c786a9d1e5de0cf1b3f95bed9bf7b2e010e7a474f6278d3d1af524abb53862d619f074c623fda6f433f6a293dd8f6f1d417e8ba6e9752ba8eb2d3bee729a5d9094e1ee89bbe87f7c7da46c4fba7fecba35ac39fbf2ebe2e7cd95dd7756bef79805186fddba17f76a2729b09fb1c689952fa6a433f2abcdb1785fbdeab42d7aab179df6bb56a74ce9eb33c7c6c9bf6d53837f15a1d0538c890cf8a9f44c4e76387fefc21fbb3aac323cc4e5117e13b163190cdfabe5569f3bea58f76a3f2feb983c7a309fc79b7e479854b7f504f7b65a708a0ca3bfa2a867f84dc4de89f1ef1cffc1476e347e8a76da547a43f0cfc7a1111e7aad5286cbaaebb78ee1f328ac09fd736d67830b6d6d8f48bfb05d5ded1cb91fc7527b15f4b3d3942b95dc6f03f9270daba78ec0f50f0ed7b6a56f83db5ae7022c575941f307244dff0ed22e2e531fea0c107feca1b1919dd07f8fe3b7a1afb5d8ec7649683d6e419e5368bf29b6031ccd0ffc9f4604ea8f4e8fec7d27fc1bcb6fabaf065a729a585ea35e8b0ffe2581faf061df873d87f57f146add45780efaab1b74a33a1ff99e506c7aa8b9f140327e8874fa2ececad5dc533ea6ddec7319d1d73d6f16003ffad91fd5a1dc9ebe7eca6083082cee079d4d95ba599a095f72e784ab9cdd4208e689ef73a82635a16be5eadb05f6bf3beb92539830dfbd7c7fc030717f8534a93dc81aa3dfaf1567d05b8ff5d1da6a447ec775bbe526e34e03ca534570c1cd1d037eb6be1fada83e1d8e5b0bf3af61f3ca8c09f1baaaf517ff3a755850d4300fae45dd85dfe29a1ff5cb9714257d6f373c43ef9b4e025d70df4bdafa3fce67d0bcfec60c2fe8b532d491944e04f29cd534a9f63bf1e72dac04f32ba0f70ff3b7b1ae3d995ff31a1ff9032b16693539a8611438e63f09bf57dabd2e67d13ed69ef6d73d8df9cea02bd0efc29a5c5ada03f6fe46719dd07f83e81e26e57df0bfdf9ff3669ec37afddb6c139b72e9867f6cfa711b12878c99a9bf57dcbe67d3cb60dfdf5d4c782ffd4b317c82407fb7fe617496b1d9f5d445ca8bb00dfed082e1b6a683fc67e44e65d23bfeb2aa514f7745e75eaca5845c4ff3ee1dffb39ee9e65388d36661f3eaa1e46c48b1edebb4dfc7d4af59711d4d96d63bfa7f8bb340f008ed534a534efba6eedf5dd2b6fbbaebb2c71a19f0a57c6a7fea5fe11fb1d89a73db8713bf5b7d76164ae14e0a45a18dd5fe5f7f5ed4ef2594aa94a47f59ed0bfbddd794b29cda28d9df9d7b1ff48b239f58844451f4fd571ce6dcc24dfcbdff27f4f1a2c83794a69d6c37b7c21f434e155e1eb4d62dc27be44ec3f08abfbfdb089231fbbd754e08f614fe3dc745df75e1d06b837ec4c2a07eacdf70241d775670d05eb4f29a5db6bfa5e55fe3ddbdc41d1a17c865be5777debb998e5fbbb88b606365e47c499bbc623dff3add5e3b158a494a6961537afd8a8fe6d3f2af7a3d128027c5fcdb0ffbeebba5f0f08ac2fa2fc59ca779944c4e71c0623ea8e5e5dc77e8da1b07f9a8f009baeeb2ebaaefb25d7bf552bcfabb5fc3c81a547ca9ebf5b47c42f35c2bec07f3c6f073cb511e0586a8d529f755d77d0fe2a7959566ba17f11f5661dacbaae7b69b95ab1f0bfeebaee2c227e89f2bb7ddf65e1ae70a8fc8168ae24aa593aa2af591f6bcebe10f89f6f53eb6b0d408f3a82b34aa1f5ecb1bb37e770fb32ca9fa77c5fe8bfaa18f6cd5eab13fcb75dd7bd6ca01ebe7237780423ccf5db8b8562f06c08fcc775d32904e0fbe67d08fbb70357ec47fa5b09fda56d84fd2682ff7544fc1af5669ccc4cebe711968aa03ac7deb6695673637081ff795eda1c0378ae1f7ef861f0ff89f22385abe79ecb9c976ab512fa4bda858fd92d85fe6dd45d66b2701778484a69196d9e38313653274e35eb641f631eea8309fc4fe7e81780c33a8293283b9dff68a3d339f45f8cec96bdf531bbb9d0bf8b7a1f9ffee90e7000d3f9db61294e9be6b5664c09fc4fb372041fc0e18d5ce1eb1d35a0e799026399debed5be351dfa5f8ee0f9a5671a3ace943d276cb4abca920b81ff6961dfba4680c395ec08ae4e31fb6a44a1ffadeada74e85f4785ddfb6f1d0f097731badf60e857046dde971a1f6304fec7b91e51d8ff7f8249111b8f1523f0db10026b0efdab01dfa7ed73f73da0881a4b4ce68a9dbbe4255b0b25d11c1f61da557c945fe07f44d88ffaa33b25c3e16ca4f77952f262ceb666244abd4fae4fbdf63c7ff41d6a2836badf03b98e5f17beeccf4a9e7b2cc3667d4df667f3468a34f8cce40f65027f63565dd7bd6c209c09873a35d02bb9512bd5b07d2c14b88618fa771542244ff77be1ebcd1439f73092ecdeb46c1311eb88781ffb8fda2f63bf016aed0fdce7252ff6937a7050d81fe39afdf948eff7b470071b86ae5450d8e533cb4bb9c87fb7a104a16b338e7a655df87a1345ceb7f2f16f5325d16efb9b529a0ff454b175447cb9e37db83d64a65f4a6913fb0f22b5de6daf534aef4bb5bb46f8bfefacb1b0bf29fc221f63033f1deafd0401e8786e1d933694e7f87755a83f72877657f09233a5ce1d1cffe61ed5f2a5ebbacbfc9ff5adff6c0ff997731bbeaaf8fb275170945fe0bfdb2e225e34b879d1bf0b5f6f8c0dfc54f587a39a976afc2b84aea184fed2b323388e8d22a0963c28b45412cd5b8e7400ef101f2a5fff75a97b23f0ffdd3a227e6974facb76a01df5561aafd27fdf2f1e37e877f8c9a1ff2cfabd4467adfa008f74ae08dcab3ecbb30156157fc2a4d4bd11f8ffb28b888baeeb5e34bc8eb174e0ffc7c8eac0ac429d03fadf69d8c47ea4bfafcfb48f8feedb832a7c14a76da6f3bb5743507bf3be221b2b0afc7bd711f16bd775ef1bff9d9bc2d71b5be3fedbc0ef270c3974af85fe275bab41c0a1524a8bb004b24fa68ee8bbb7edde46e551fe12f766ec817f1bfbb5fa2f4f7d76f3912ae5ae70677292529a8da83ecc057ee099a1ffaca7bf1be050468cddb321f958f9fa6f04fed305fdb3aeeb7ee9e15115a53b668b315488fc616352f0923b4760c1519fe1490bbf236f7ed7a7d02fecf7d7cf8a800aefdae958fa8603331fd920de63daed75d49de976f21918630bfc9b5b417fd5d3bf43e9b59663f92258faefb90ee0989ae9c8e4f6a52fa17fa7eaf4d6545da182d78ac0bd1ba0da6bf94f3aca3f86c0bf8bfdda8c5fbbaefbb5c741ffc6a6748762245f041785aff72fef5618aedcd6bcefc14fb5615f7f4d0ad7e98d22271cc5d7ebbeae23faee7dbfada3ee8cb7938ef20f35f0ef62bf11df59ec8fd83b1b5043b5ae70cd417f11acb4f9cc3a80639a37d881b888ba9b01316c334540e1fed2320a7f68e2a826e183cdf77ca87cfd938df2ff34a09bb48efd48c5ba87ebf21fd381dca59436851bfa454ae962c06bce5f55b88f023f63b18e021bd244a3c788765d7796528a863b59de45fd0c5ec23e63e82fed62d8fb8ccc2b5cf375f463f6598df67a95527a13f54ea098a69496a7988ddeb7c07ff3e0ef623f257a1b119b114e335b170efc9388388f88cb01769aa6517e3abf0e360ca3e3f498d03f8df11d75ca708297766be42abdc3def6e0c8ece794e9a70a7dd0694a69913798e58e3a17115715afff264e3033b064e0df44c4c553fe3dbb99ffcd971cc04b7a9d527a3fc07bf1a6c2357f578519914da1eb4c524ab3863f00bf8c88cfd1de346ced6b3f2dd41346d05f5a0dbc4c3f469d130f5ec77ee933df18ea287fc9c0bf338df96895f13aa5b48bb2eba82611f12e7a78c6f47d524af3a833cdd64b9631bdaf7605df57afa2d1e99fb91c5eb416fa6dc4d6cbb66b59a1336aa3d971d7b9498560ba1afa805fa5fe7cc4fe88be69d7755bb5fb4eb547f9dfa594ae8f59ff7f744f7bab46685ce6903c14ef2a5c73e305cb08950a95cb967720ce8df78bd82f476ba9234fbf82578d91d6b5d21fb54585503a96d990ab4ad77da35adfdb56af2ab7d39338f24c6e81bfbf6abd08af86d0414c295d469d51b68faa2e02ff491bc945e31d895deca7f7ef1af9499f85fe5ea932d5d40ccdd12b7d5ad376446bcc6bed0cef88be36efcb7f9eb963de1f81bfa7f28bb04687711a75a7b91c23eccfa3de97cd6bb597112a79d67bf3a316791afd8b4642ff2cf6cb0c68bfed5a46f9fd7b228cee8fbddecda3fc00c9680647f2accf1acfd8241aff405ed9aa721b3d39e6fb5ee0ef7f65ac6191527ad7c702cb47197daa74f9b5e9fc8cd4a6e0b5a679068fd0ff88d09f52ba524d9b0ffbb5ee918d66c7ed55856bae4656c6b53e7098d67f7f1bbd8b018df20bfcfd56b3229ee70e489f3a4c93dc619a54fa09a6f333d686735b38f4bfce4748f521f45f34f27396427fb36dd779d49d5977ed2e8cb6ee4da2fce6c6d7231c1cb98e4ab37607b637d7b1bd8f818cf20bfcfdef44af2bfe84abdc11e943a3358dbabb63ef8e7dc406f44cc977d524fab3f4681dedace75ff675f6d640c3d634a5f439ea6c307bc346b3e3b6ac70cdd10d8ee4d1e4eb4a977fad9a7ff7be0c62945fe0efbfb795afff2ea5d4f4467e791affd7a87b14d6075595912b3d2d78de7a78cdefcd4f516fd6d15d7a377b6b80417f9297a57c8d8879e59fa3ed1ab7d2617037a2cdfa5a79d6167d981157d1fba83fcaffeca517027fcfe59d73b7957fc632f63b3dcf5a2b9f3c03e16be50ef52ebf3060ecefaad28d66b3e13587fd9ab38ebee74ae8af52276ef652f82377f026957fd22e4ce71f737d5c44f9132156236e23375176e9db6d46f9efbf2fbba8ffe1f3fcb91f6504fe6178dbc06f9845c4d794d2650ba3fd29a5794ae96bd49d0a79e3437e61c0d8d5e8cc35175ef3c7d13f1a0dfbb7cb6da1ca9eb41e4c524a8b94d2bb94d21fb1ff38bd8c76667c68bbc6adc6667d639f51526b39c3d2117ddff53eea2fbd7bd628ff4fee61ff755db74a29bd6ea4f3f826f6eb4d3e44c4fbd29d85bcf9c8eb68e7a8915d0c6f74ff554f377959377a96f46f7dd855fe48e5f931ea1c2b7695528a16f6d1c81f1fde455bd3f8bf576edb3cf2c4d3eff92cdfef69fecf3ff27fcf1afed9436cbb38bcce4e2bf4a39c64b4ff285e63a06a92eff74aedbf3367ed72aea979aac132a5f4f6a9cf88c03f1c17d1ce59ca935bc1ff3af6a30427eb30e6af928bd87f8d6e2d880e718464d9e3dfde62e09f37586f4f529e5dd76d524a9b4a41e72aa5f45bd77567953ad093d86f24b8e8d1fd9dc47eb9d68b9185fe7729a5f8a69e6ee2b0119e9b50df777d6dbb3ee77b17f97e8da9dedef878848f9b35daf9d19f649483e5aa52f9bf16f8bfeb7d2ea349cdb629225e0afce37e49ac73b86ea93339c92fad654a691bfbb5805fe208bbfee611937944fcd670077adb75dda5da09ff1d24a2de0efacbfcee382b19607b36aa7f5fe8ff7544a36fb303ffff866a17c318dd9f447f3fa63ec79723fc19af2ad4b96bcd6344ec3f7cd408fcb394d2bcd199902de4ac1646f9174fbd4702ffb05ce4c6adc54ee534f65379cf73077817fb2fefdb88f8dffccf6ce2ef2328935b1dad7ff4ac01bf5025e16f8de62aa5f426ea8d82ce62bfdfc8fb88787bca51cc1cf46bfe5d8f199c3ee591fe9d5a3c786fdde7f1caefadd2efac6b75ee3f6de43a0f92d568375e459b33215bf13eea8ff2bf79ca3d12f887f592d836f0f5e9311dc8f9806fc7f5888f9681070345d41be5bf711efb11ff55eca72f6f8fd4599ec47e74e6750c636af78d59fc35bd5fc77cb8365dd7bd570ca366b3befa3e56eacb3f6b9df80872d62ea5f436ea6e083e4f292d1e9b31ecd23fbcca7819e35cb3d6925d449c2906b8f73db58afac78946ec3f3c9e47c41f29a5af29a5f3a71c2f9a8f533b4f297d8a88ffcb9d81e9006fdd2c223ea9c1da2e86296fd6372f7cd98d8d41ff6655f1da4bc5ffddfecbfb06fa2f8ffee060847f985e46fdb3e7c7eccc08183ca88551fe6fc3ec2c777a77b1ff70ba89887fdff3cfff9c43fd7c64f76d9e52baaab5f921a77d2605afd1ab711ebbd1fdbf87ca6dc57db95e47c4a5bbd074ff659a525a3e66734e817fb82f8a8bc63ad363b132951f0e7a4fad524a2d9eac11f1d792a3b93b75a7653ee650e81f8e6b53f9c7edd672a4e2754fe9dfe963a5c03f796c981c69ffa5f6fe3cef524a07ef7d614aff802b63385ea3b48d0e303c8a8d2dfb1dfa2f15c330daae30959f7db89c14bee6ca8cc87bfbf1d771d851a0a7f0ca1d78d0dbcad79f44de085de0f7b2380bebf94bd9c513cfc68411bfa336318ce3bfc6ea4dded19b9eb75d421751673aff47c5fe5dab4ad79d3f653f9b91f55f56517f2dff9bbcef86c04fbc10fa8b74985ed8d5149ee46db4b1811f4f7325f46bbbe8b71cee4a07bcad33df1f54737f83d78aff412dcc523c68033f817fe0f257fbb3a8372d68140fbc8d8ee059ef28b363fa1ffa178aa197615fdb45ad7067b3be87dbc76d3ce1ccf52359e67d1db8fffe5c57bc3f371629a5b9c0cfcdb4d91742ff499cd9d8048ef28eb29ebfffa17fa618847dfa2587ba45854b5f2bfd83d45cf670aef81ff4b681dff0e028bfc02ff423ec430befa8f761a3d13e9b44c467a1bf795b619f6f2ca3fc667dd796921c5e5661f3be96fb2eeba83fca3f7b68699dc02ff423ec432b2ec29e234308fd5345d1a44d44fc2aecf30d9bf5b5dd77df45bdd910537bb41ca48951feef2dc110f8c719fa7fd5a97eb25dec4747847d384dc7c646a34fb36aa4dc2611f1c9dacff6ea47d775bfda8d9fdbf2dadf69e1cb6ef3da670e5773bf03a3fc0ff75dd6517f86e22422de08fcdcae98dbdca95e2b8dc7355239ec2b37386de8b7d1e8e3c3dc5943e5368bfd48bfd05fdf2ef633d2ce14058d8439a3fb8f6f173751ef83eedcacad83b430ca7f7edfbd12f847dca9eebaee452315b40fd6612a2494ecdc587e7498ff84b9c6ca6d16119fdd9e26daad95a2e05b39182c2b5c5a7d7c9a9aa3fc6f14ff83fd966d2375fb4ae0e7ae0a7aa963fda0b75dd7bd30151284fe06c3feea8e726be598c3594ae9ca6d2a6e97ebc60b1ba3f11d35c2fe5a9d7cb2eb8ad75e98b175908b06fa2cf3bb8ec915f8b9597bf24b3822e55b9bd88f8e5c2a0aa816fa7f096bfaef0a74f78edce6777a2b53b897427f51ef23e217a3fa1cc074fe7eb587bba837823c893a1f88fa788f3e34f053feb6819fc0cf7f2a69d7752f633f32b45522f1366f70246840fd06f445f82079639d03dde681725b09fda3b2caf5e2c26c341e924700a7852fbbf321ead96a7e3079adf80ff23eea8ff24fe39b6518023fdf7612af63bf8bffdb18e754daebdc69ba541ba09dd09f3f488e7dcf91472d2fca9deb8b8642ff526d3e6e808abf46f4cf4c95e6116a8cee0bfbcf6f0bd7516f506e7ad75471fede5f69a4dd3d4f29cd047e1eea5c5fe6e03f9617f43af63bf0bfd4698266df4d97b19f85b41bd95f7d9bdf4f974f28b3f70dbdc7af84fea3d8c47ef6c6cd88be368b83e5cdfa6a04b70f4abff7e5e888bec3dadd55b4315bfa9dc0cf2115769b777ffe25771887d8c9be09fa8edb837ebc97ae635c7b8ebc8dfd7afdf533caec4ce8efbd6dec47f37fcdcbcd56a6eef34435a6666f7c983a9a9aeff28523fa0ed6c292ba794ae95ce0e729c1ff22fabfc67f177fad7714f4a17fefa4db7b8e0c35f4ac73b8bb3c46b06b30f4cfd4e407dba9ebdce6fed275ddcd68fe46d1f04ccb0ad734ba7fc4f62fea7ef0b696ffb0fbb4ceed786d6f524a13819fc776b2df775df74bec37d15af5acb37d1d7f4d83b4de11faff4eba8efd87c821adeddf46c4cbfc31f2d8e1ee22da39f1e0b3d0ff5fe17e1dfb11fcb3d87fe8f99fbcc4ecbdb68a63c9b36b2615eaf7b5d23faa9a9bf72d1dd1f7a836b7b649445cfd54b0a3a4c11a56477b9d3b286779138f7f46c43ccaeffa7a4827eaf788b81ef8f4c78f11f145cdfcaeb5f2ac569ea77c17ed22e232a5b48afdaeb4cb1e07fdb7a7dcc5baebba5d4ae945449c37f2779e3de203c4909ec9f5376de918c289f7691befe65d94ff40bab5fce4e8eff2eb9452cd0fdd93b87bc0afe4b3beeec17ddaa494ce5ac8463f786c38a6bcb6671e11bf55f800b0cb9dc72f11b136551f46fb0eea53f05f47c4873c5b0118893ffffc532100023f83e980cf633f9233c91f02e2d6ff7e8acdad70ffefdc61de9af608dc7aef4c72e87f1d6dcd3c8af86b1f910fde5b20f00308fc0cbd63fe60f8375a0f3cf31df32af64751d50affbbd8af63fddd683e20f003c502bf170e404f5fe03ff866fbc4f03f8ffdbe23b338dd0656bbf86b89d1b5ddd501811f10f80110f8cb7f0098e6f0ff8ffc01e0311f023639dc6f23e27ff3ffde0af880c00f08fc000000c049fca80800000040e007000000047e00000040e007000000047e00000040e007000000811f00000010f801000000811f00000010f801000000811f000000047e00000040e007000000047e00000040e007000000047e00000040e007000000811f00000010f801000000811f00000010f801000000811f000000047e00000040e007000000047e00000040e007000000047e00000040e007000000811f00000010f801000000811f00000010f801000000811f000000047e00000040e007000000047e00000040e007000000047e00000040e007000000811f00000010f801000000811f00000010f801000000811f000000047e00000040e007000000047e00000040e007000000047e00000040e007000000811f00000010f801000000811f00000010f801000000811f000000047e00000040e007000000047e00000040e007000000047e00000040e007000000811f00000010f801000000811f00000010f801000000811f000000047e00000040e007000000047e00000040e007000000047e00000040e007000000811f00000010f801000000811f00000010f801000000811f000000047e00000040e007000000047e00000040e007000000047e00000040e007000000811f00000010f801000000811f00000010f801000000811f000000047e00000040e007000000047e00000040e007000000047e00000040e007000000811f00000010f801000000811f00000010f801000000811f000000047e00000040e007000000047e00000040e007000000047e00000040e007000000811f00000010f801000000811f00000010f801000000811f000000047e00000040e007000000047e00000040e007000000047e00000040e007000000811f00000010f801000000811f00000010f801000000811f000000047e00000040e007000000047e00000040e007000000047e00000040e007000000811f00000010f801000000811f00000010f801000000811f000000047e00000040e007000000047e00000040e007000000047e00000040e007000000811f00000010f801000000811f00000010f801000000811f000000047e00000040e007000000047e00000040e007000000047e00000040e007000000811f00000010f801000000811f00000010f801000000811f000000047e00000040e007000000047e00000040e007000000047e00000040e007000000811f00000010f801000000811f00000010f801000000811f000000047e00000040e007000000047e00000040e007000000047e00000040e007000000811f00000010f801000000811f00000010f801000000811f000000047e00000040e007000000047e00000040e007000000047e00000040e007000000811f00000010f801000000811f00000010f801000000811f000000047e00000040e007000000047e00000040e007000000047e00000040e007000000811f00000010f801000000811f00000010f801000000811f000000047e00000040e007000000047e00000040e007000000047e00000040e007000000811f00000010f801000000811f00000010f801000000811f000000047e00000040e007000000047e00000040e007000000047e00000040e007000000811f00000010f801000000811f00000010f801000000811f000000047e00000040e007000000047e00000040e007000000047e00000040e007000000811f00000010f801000000811f00000010f801000000811f000000047e00000040e007000000047e00000040e007000000047e00000040e007000000811f00000010f801000000811f00000010f801000000811f000000047e00000040e007000000047e00000040e007000000047e00000040e007000000811f00000010f801000000811f00000010f801000000811f000000047e00000040e007000000047e00000040e007000000047e00000010f8150100000008fc000000400ffcff0100c45a9980141c81db0000000049454e44ae426082);

-- --------------------------------------------------------

--
-- Structure de la table `carte_fidilite`
--

CREATE TABLE IF NOT EXISTS `carte_fidilite` (
  `ID` int(11) NOT NULL AUTO_INCREMENT,
  `ID_MARQUE` int(11) NOT NULL,
  `ID_CLIENT` int(11) NOT NULL,
  `NOMBRE_POINT` int(11) NOT NULL,
  PRIMARY KEY (`ID`),
  KEY `FK_CARTE_FIDILITE_MARQUE` (`ID_MARQUE`),
  KEY `FK_CARTE_FIDILITE_USER` (`ID_CLIENT`)
) ENGINE=InnoDB DEFAULT CHARSET=latin1 AUTO_INCREMENT=1 ;

-- --------------------------------------------------------

--
-- Structure de la table `catalogue`
--

CREATE TABLE IF NOT EXISTS `catalogue` (
  `ID` int(11) NOT NULL AUTO_INCREMENT,
  `ID_MARQUE` int(11) NOT NULL,
  PRIMARY KEY (`ID`),
  KEY `FK_CATALOGUE_MARQUE` (`ID_MARQUE`)
) ENGINE=InnoDB DEFAULT CHARSET=latin1 AUTO_INCREMENT=1 ;

-- --------------------------------------------------------

--
-- Structure de la table `commentaires`
--

CREATE TABLE IF NOT EXISTS `commentaires` (
  `ID` int(11) NOT NULL AUTO_INCREMENT,
  `idclient` int(11) NOT NULL,
  `idproduit` int(11) NOT NULL,
  `commentaire` text NOT NULL,
  PRIMARY KEY (`ID`),
  KEY `idclient` (`idclient`,`idproduit`),
  KEY `idclient_2` (`idclient`),
  KEY `fk_pr` (`idproduit`)
) ENGINE=InnoDB  DEFAULT CHARSET=latin1 AUTO_INCREMENT=45 ;

--
-- Contenu de la table `commentaires`
--

INSERT INTO `commentaires` (`ID`, `idclient`, `idproduit`, `commentaire`) VALUES
(1, 13, 1, 'J''aime bien ce produit !'),
(2, 4, 1, 'oh !! c''est génial !'),
(3, 5, 3, 'j''ai pas trop aimé !...'),
(4, 16, 3, 'test tes '),
(5, 9, 5, 'a essayer'),
(6, 16, 3, 'le bonheur, je l''ai acheté et j''en suis heureuse'),
(10, 85, 3, 'mycomment'),
(11, 70, 3, 'ioiops'),
(12, 87, 2, 'feope'),
(13, 87, 3, 'kpo'),
(14, 87, 6, 'kpokj'),
(15, 87, 7, 'jioj'),
(16, 90, 2, 'ferrll'),
(18, 97, 2, 'mycomendnsu'),
(19, 98, 1, 'moonn'),
(20, 99, 1, 'forallineed'),
(21, 100, 2, 'uiuiui'),
(22, 101, 6, 'iiiiiiiiiiiiiiiiiiiiiiii'),
(23, 101, 6, 'frrrrr'),
(24, 102, 7, 'memememmeopopopo'),
(25, 103, 8, 'sans commentaires :p'),
(26, 104, 7, 'shit'),
(27, 105, 6, 'bbbb'),
(31, 109, 8, 'looool'),
(33, 109, 8, 'loore'),
(34, 117, 1, 'jnklsqsds'),
(35, 117, 1, 'jodvkcdcds'),
(39, 120, 3, 'klmmmmklklddce'),
(42, 146, 21, 'JKJIUI'),
(43, 8, 58, 'EUUEK'),
(44, 8, 69, 'sjq');

-- --------------------------------------------------------

--
-- Structure de la table `correspondance_produit`
--

CREATE TABLE IF NOT EXISTS `correspondance_produit` (
  `ID` int(11) NOT NULL AUTO_INCREMENT,
  `REFERENCE` varchar(50) NOT NULL,
  `ID_MARQUE` int(11) NOT NULL,
  `NOM` varchar(50) NOT NULL,
  `TYPE` varchar(50) NOT NULL,
  `PRIX` float NOT NULL,
  `TAUX_REDUCTION` float NOT NULL,
  `NOMBRE_POINT` int(11) NOT NULL,
  `PHOTO` varchar(200) NOT NULL,
  `DESCRIPTION` varchar(100) NOT NULL,
  `QUANTITE` int(11) NOT NULL,
  `QUANTITE_VENDU` int(11) NOT NULL,
  PRIMARY KEY (`ID`),
  UNIQUE KEY `REFERENCE` (`REFERENCE`),
  KEY `FK_MARQUE` (`ID_MARQUE`)
) ENGINE=InnoDB  DEFAULT CHARSET=latin1 AUTO_INCREMENT=6 ;

--
-- Contenu de la table `correspondance_produit`
--

INSERT INTO `correspondance_produit` (`ID`, `REFERENCE`, `ID_MARQUE`, `NOM`, `TYPE`, `PRIX`, `TAUX_REDUCTION`, `NOMBRE_POINT`, `PHOTO`, `DESCRIPTION`, `QUANTITE`, `QUANTITE_VENDU`) VALUES
(1, 'EAN-13:6194009710443', 1, 'THE - VERT', 'HACHICH', 0, 0, 0, 'D:\\PI-DEV\\PI-DEV_safwene\\src\\edu\\esprit\\tunisiamall\\images\\lipton.jpg', 'DU THE VERT BU ET DEGUSTE PAR SAFWENE', 0, 0),
(3, 'EAN-8:61940024', 1, 'MARS - LEGERE', 'TABAC', 0, 0, 0, 'D:\\PI-DEV\\PI-DEV_safwene\\src\\edu\\esprit\\tunisiamall\\images\\mars_inter_legere.jpg', 'DOKHAN', 0, 0),
(4, 'EAN-13:6192008320434', 1, 'KLAMROMIN', 'ANTIBIOTIQUE', 0, 0, 0, 'D:\\PI-DEV\\PI-DEV_safwene\\src\\edu\\esprit\\tunisiamall\\images\\Klaromin.jpg', 'De l''antibiotique !', 0, 0),
(5, 'EAN-13:9109012829706', 1, 'Clefs de la voiture de mouna', 'Clefs', 0, 0, 0, 'src\\edu\\esprit\\tunisiamall\\images\\carrefour.jpg', 'carte fidilite carrefour', 0, 0);

-- --------------------------------------------------------

--
-- Structure de la table `espace_publicitaire`
--

CREATE TABLE IF NOT EXISTS `espace_publicitaire` (
  `ID` int(11) NOT NULL AUTO_INCREMENT,
  `ID_MARQUE` int(11) NOT NULL,
  `DATE_DEBUT` date NOT NULL,
  `DATE_FIN` date NOT NULL,
  `AFFICHE` varchar(50) NOT NULL,
  PRIMARY KEY (`ID`),
  KEY `FK_ESPACE_PUBLICITAIRE_MARQUE` (`ID_MARQUE`)
) ENGINE=InnoDB DEFAULT CHARSET=latin1 AUTO_INCREMENT=1 ;

-- --------------------------------------------------------

--
-- Structure de la table `livraison`
--

CREATE TABLE IF NOT EXISTS `livraison` (
  `ID` int(11) NOT NULL AUTO_INCREMENT,
  `ID_PANIER` int(11) NOT NULL,
  `DATE_LIVRAISON` date NOT NULL,
  `ADRESSE` varchar(100) NOT NULL,
  PRIMARY KEY (`ID`),
  KEY `FK_ID_PANIER` (`ID_PANIER`)
) ENGINE=InnoDB DEFAULT CHARSET=latin1 AUTO_INCREMENT=1 ;

-- --------------------------------------------------------

--
-- Structure de la table `local`
--

CREATE TABLE IF NOT EXISTS `local` (
  `ID` int(11) NOT NULL AUTO_INCREMENT,
  `ADRESSE` varchar(50) NOT NULL,
  `ETAT` int(11) NOT NULL,
  `EMPLACEMENT` varchar(200) NOT NULL,
  PRIMARY KEY (`ID`),
  UNIQUE KEY `ADRESSE` (`ADRESSE`)
) ENGINE=InnoDB  DEFAULT CHARSET=latin1 AUTO_INCREMENT=3 ;

--
-- Contenu de la table `local`
--

INSERT INTO `local` (`ID`, `ADRESSE`, `ETAT`, `EMPLACEMENT`) VALUES
(1, 'ADRESSE_LOCAL', 1, 'EMPLACEMENT_LOCAL'),
(2, 'ADRESSE_LOCAL_2', 0, 'EMPLACEMENT_LOCAL_2');

-- --------------------------------------------------------

--
-- Structure de la table `marque`
--

CREATE TABLE IF NOT EXISTS `marque` (
  `ID` int(11) NOT NULL AUTO_INCREMENT,
  `Nom` varchar(50) NOT NULL,
  `seuilAchat` float NOT NULL,
  `ID_RESPONSABLE` int(11) NOT NULL,
  PRIMARY KEY (`ID`),
  KEY `Nom` (`Nom`)
) ENGINE=InnoDB  DEFAULT CHARSET=latin1 AUTO_INCREMENT=5 ;

--
-- Contenu de la table `marque`
--

INSERT INTO `marque` (`ID`, `Nom`, `seuilAchat`, `ID_RESPONSABLE`) VALUES
(1, 'ZARA', 12.5, 3),
(2, 'ADIDAS', 15, 3),
(3, 'Puma', 20, 3),
(4, 'Pull & bear', 12, 3);

-- --------------------------------------------------------

--
-- Structure de la table `panier`
--

CREATE TABLE IF NOT EXISTS `panier` (
  `ID` int(11) NOT NULL AUTO_INCREMENT,
  `ID_CLIENT` int(11) NOT NULL,
  `ID_PRODUIT` int(11) NOT NULL,
  `QUANTITE` int(11) NOT NULL,
  PRIMARY KEY (`ID`),
  KEY `FK_PANIER_CLIENT` (`ID_CLIENT`),
  KEY `FK_PANIER_PRODUIT` (`ID_PRODUIT`)
) ENGINE=InnoDB  DEFAULT CHARSET=latin1 AUTO_INCREMENT=3 ;

--
-- Contenu de la table `panier`
--

INSERT INTO `panier` (`ID`, `ID_CLIENT`, `ID_PRODUIT`, `QUANTITE`) VALUES
(1, 8, 58, 1);

-- --------------------------------------------------------

--
-- Structure de la table `produit`
--

CREATE TABLE IF NOT EXISTS `produit` (
  `ID` int(11) NOT NULL AUTO_INCREMENT,
  `REFERENCE` varchar(50) NOT NULL,
  `ID_MARQUE` int(11) NOT NULL,
  `NOM` varchar(50) NOT NULL,
  `TYPE` varchar(50) NOT NULL,
  `PRIX` float NOT NULL,
  `TAUX_REDUCTION` float NOT NULL,
  `NOMBRE_POINT` int(11) NOT NULL,
  `PHOTO` varchar(200) NOT NULL,
  `DESCRIPTION` varchar(100) NOT NULL,
  `QUANTITE` int(11) NOT NULL,
  `QUANTITE_VENDU` int(11) NOT NULL,
  `Taille` varchar(50) DEFAULT NULL,
  PRIMARY KEY (`ID`),
  UNIQUE KEY `REFERENCE` (`REFERENCE`),
  KEY `FK_MARQUE` (`ID_MARQUE`)
) ENGINE=InnoDB  DEFAULT CHARSET=latin1 AUTO_INCREMENT=74 ;

--
-- Contenu de la table `produit`
--

INSERT INTO `produit` (`ID`, `REFERENCE`, `ID_MARQUE`, `NOM`, `TYPE`, `PRIX`, `TAUX_REDUCTION`, `NOMBRE_POINT`, `PHOTO`, `DESCRIPTION`, `QUANTITE`, `QUANTITE_VENDU`, `Taille`) VALUES
(53, 'EAN-13:6194009710443', 1, 'THE - VERT', 'HACHICH', 10, 5, 3, 'D:\\PI-DEV\\PI-DEV_safwene\\src\\edu\\esprit\\tunisiamall\\images\\lipton.jpg', 'DU THE VERT BU ET DEGUSTE PAR SAFWENE', 5, 2, ''),
(54, 'EAN-13:6192008320434', 1, 'KLAMROMIN', 'ANTIBIOTIQUE', 8, 3, 2, 'D:\\PI-DEV\\PI-DEV_safwene\\src\\edu\\esprit\\tunisiamall\\images\\Klaromin.jpg', 'De l''antibiotique !', 20, 2, ''),
(55, 'REF1223', 1, 'Blouson noir fermeture a pression', 'Femme vestes', 120, 10, 9, 'img/1.jpg', 'DESCRIPTION : refdekfdnfdkj', 0, 0, 'M'),
(56, 'REF2234', 1, 'baskets', 'Femme chaussures baskets', 50, 20, 3, 'img/2.png', 'DSDSF', 0, 0, '36'),
(57, 'REF2213', 1, 'jegging en jean brut', 'Femme jeans', 50, 60, 3, 'img/4.jpg', 'Jegging en jean femme basic, brut, 2 fausses poches avant, 2 poches dos, fermeture zippée boutonnée.', 0, 0, '36'),
(58, 'REF2235', 1, 'sweat imprimé boudeuse gris chiné', 'Femme sweat-shirts', 30, 5, 3, 'img/3.jpg', 'Sweat femme, gris chiné, imprimé boudeuse, loose, col rond, manches 3/4.\r\nmatière : polyester 33 %, ', 0, 1, 'S'),
(60, 'REF2323', 1, 'foulard imprimé cachemire écru et bleu marine', 'Femme accessoires', 10, 9, 2, 'img/5.jpg', 'Foulard femme, écru, imprimé cachemire et arabesque, bleu marine et rose, finitions petits pompons.\r', 0, 0, ''),
(61, 'REF3244', 1, 'bottines à franges camel', 'Femme chaussures bottines', 99, 30, 3, 'img/6.jpg', 'Bottines à talons femme, camel, suédine, franges œillets doré, fermeture zip, talons 7 cm.\r\nmatière ', 0, 0, '39'),
(63, 'REF323234', 1, 'baskets', '', 29, 10, 2, 'img/1.jpg', 'EJK FJEKFE FDJEKL', 324, 0, '40'),
(64, 'REF677', 2, 'JKJKJ', 'Homme jeans', 120, 0, 3, 'img/2.jpg', 'JKLJLKJ JOJ', 22, 0, '48'),
(65, 'REF37782', 2, 'TEE-SHIRT COTON IMPRIMÉ', 'Enfants t-shirts', 45, 9, 9, 'img/1.jpg', 'vetements pour enfants', 55, 0, 'M'),
(66, 'REF7832', 2, 'JEAN SLIM EFFET NEIGE', 'Enfants jeans', 60, 3, 3, 'img/10.jpg', 'Le jean slim des petites modeuses ! \r\n- Jean slim / coupe ajustée ', 67, 0, 'XS'),
(67, 'REF22134', 3, 'ROBE SALOPETTE EN DENIM', 'Enfants robes', 32, 3, 3, 'img/11.jpg', 'Ouverture boucle métallique sur bretelles', 120, 0, 'S'),
(68, 'REF324', 1, 'PANTALON REGULAR TOUCHER DOUX ', 'Homme pantalons', 123, 2, 2, 'img/12.jpg', 'Pantalon 5 poches ', 45, 1, 'L'),
(69, 'REF343', 1, 'Yves Saint Laurent', 'Femme parfums', 200, 0, 0, 'img/15.jpg', 'Black Opium, le nouveau parfum féminin par Yves Saint Laurent. Une dose d''adrénaline, pour une héroï', 10, 0, ''),
(70, 'REF3232345', 1, 'Ciaté', 'Femme maquillage', 23, 0, 0, 'img/16.jpg', 'Ce masque de nuit pour les ongles est une petite merveille et va révolutionner votre routine de beau', 234, 0, ''),
(71, 'REF356', 1, 'PARKA MI-SAISON STYLE COUPE-VENT', 'Femme manteau', 245, 2, 1, 'img/18.jpg', '- Parka mi-saison', 25, 0, 'S'),
(72, 'REF5665', 1, 'SAHARIENNE FLUIDE EFFET PEAU DE PÊCHE', 'Femme vestes', 456, 3, 0, 'img/19.jpg', 'Veste style saharienne ', 356, 0, 'L'),
(73, 'REF435', 1, 'I LOVE SHOES Kizup', 'Femme chaussures escarpins', 298, 2, 2, 'img/20.jpg', 'DSDS', 324, 0, '');

-- --------------------------------------------------------

--
-- Structure de la table `twitter`
--

CREATE TABLE IF NOT EXISTS `twitter` (
  `ID` int(11) NOT NULL AUTO_INCREMENT,
  `CONSUMER_KEY` varchar(200) NOT NULL,
  `CONSUMER_SECRET` varchar(200) NOT NULL,
  `ACCESS_TOKEN` varchar(200) NOT NULL,
  `ACCESS_TOKEN_SECRET` varchar(200) NOT NULL,
  `ID_RESPONSABLE` int(11) NOT NULL,
  PRIMARY KEY (`ID`),
  UNIQUE KEY `CONSUMER_KEY` (`CONSUMER_KEY`,`CONSUMER_SECRET`,`ACCESS_TOKEN`,`ACCESS_TOKEN_SECRET`),
  KEY `FK_TWITTER_RESPONSABLE_ENSEIGNE` (`ID_RESPONSABLE`)
) ENGINE=InnoDB  DEFAULT CHARSET=latin1 AUTO_INCREMENT=2 ;

--
-- Contenu de la table `twitter`
--

INSERT INTO `twitter` (`ID`, `CONSUMER_KEY`, `CONSUMER_SECRET`, `ACCESS_TOKEN`, `ACCESS_TOKEN_SECRET`, `ID_RESPONSABLE`) VALUES
(1, '7VQrtMbLYgKluBkIYqrOubHKh', '7rRcSe6fUnDdU6Yt1qtpzhQSXhYEezEDFs1NwzpPEtKTf2raWT', '2312664942-RQbcjPj8cPtwa6qHbcKl2OAkip9oV8pKftvk4ZB', '8HsJybRIblLhudxsVurhRBtqGgwopD3u3UwlslUvtOTtd', 3);

-- --------------------------------------------------------

--
-- Structure de la table `user`
--

CREATE TABLE IF NOT EXISTS `user` (
  `ID` int(11) NOT NULL AUTO_INCREMENT,
  `CIN` varchar(50) DEFAULT NULL,
  `NOM` varchar(50) NOT NULL,
  `PRENOM` varchar(50) NOT NULL,
  `SEXE` varchar(255) NOT NULL,
  `LOGIN` varchar(50) NOT NULL,
  `PASSWORD` varchar(50) NOT NULL,
  `QRCODE` varchar(100) DEFAULT NULL,
  `MAIL` varchar(50) NOT NULL,
  `ADRESSE` varchar(50) NOT NULL,
  `TELEPHONE` varchar(50) DEFAULT NULL,
  `IMAGE` varchar(100) DEFAULT NULL,
  `ROLE` varchar(50) NOT NULL,
  `ETAT` int(11) NOT NULL,
  PRIMARY KEY (`ID`),
  UNIQUE KEY `CIN` (`CIN`,`LOGIN`,`MAIL`,`ADRESSE`,`TELEPHONE`)
) ENGINE=InnoDB  DEFAULT CHARSET=latin1 AUTO_INCREMENT=11 ;

--
-- Contenu de la table `user`
--

INSERT INTO `user` (`ID`, `CIN`, `NOM`, `PRENOM`, `SEXE`, `LOGIN`, `PASSWORD`, `QRCODE`, `MAIL`, `ADRESSE`, `TELEPHONE`, `IMAGE`, `ROLE`, `ETAT`) VALUES
(3, '11379054', 'BEN AICH', 'SAFWENE', 'HOMME', '1111', '1111', 'http://www.esprit.tn', 'safwene.benaich@esprit.tn', 'BIZERTE, TUNISIA', '0021692657478', 'src\\edu\\esprit\\tunisiamall\\images\\safwene_benaich.jpg', 'RESPONSABLE', 1),
(7, 'lkfdqlkj', 'lkj', 'kjl', 'HOMME', '2222', '2222', 'lkj', 'lkj', 'lkjlkj', 'll', 'kj', 'ADMIN', 1),
(8, 'llkfsjqlkj', 'AAA', 'lkj', 'HOMME', '3333', '3333', 'lkj', 'ljkl', 'lkj', 'lkj', 'lkj', 'CLIENT', 1),
(9, NULL, 'usz', 'siuz', 'Femme', 'jsizqq', 's,s', NULL, 'sjksks.sjssk@ssjsz.sp', 'skk', NULL, NULL, 'CLIENT', 2),
(10, NULL, 'lkjfsqkj', 'lksqdjlksjljsqd', 'Homme', '5555', '5555', NULL, 'lfskjfqs@esprit.tn', 'mfkjqlkjf', NULL, NULL, 'CLIENT', 2);

-- --------------------------------------------------------

--
-- Structure de la table `user_modification`
--

CREATE TABLE IF NOT EXISTS `user_modification` (
  `ID` int(11) NOT NULL,
  `CIN` varchar(50) NOT NULL,
  `NOM` varchar(50) NOT NULL,
  `PRENOM` varchar(50) NOT NULL,
  `SEXE` varchar(255) NOT NULL,
  `LOGIN` varchar(50) NOT NULL,
  `PASSWORD` varchar(50) NOT NULL,
  `QRCODE` varchar(100) NOT NULL,
  `MAIL` varchar(50) NOT NULL,
  `ADRESSE` varchar(50) NOT NULL,
  `TELEPHONE` varchar(50) NOT NULL,
  `IMAGE` varchar(100) NOT NULL,
  `ROLE` varchar(50) NOT NULL,
  `ETAT` int(11) NOT NULL,
  PRIMARY KEY (`ID`)
) ENGINE=InnoDB DEFAULT CHARSET=latin1;

--
-- Contraintes pour les tables exportées
--

--
-- Contraintes pour la table `boutique`
--
ALTER TABLE `boutique`
  ADD CONSTRAINT `FK_BOUTIQUE_LOCAL` FOREIGN KEY (`ID_LOCAL`) REFERENCES `local` (`ID`),
  ADD CONSTRAINT `FK_BOUTIQUE_MARQUE` FOREIGN KEY (`ID_MARQUE`) REFERENCES `marque` (`ID`);

--
-- Contraintes pour la table `carte_fidilite`
--
ALTER TABLE `carte_fidilite`
  ADD CONSTRAINT `FK_CARTE_FIDILITE_CLIENT` FOREIGN KEY (`ID_CLIENT`) REFERENCES `user` (`ID`),
  ADD CONSTRAINT `FK_CARTE_FIDILITE_MARQUE` FOREIGN KEY (`ID_MARQUE`) REFERENCES `marque` (`ID`),
  ADD CONSTRAINT `FK_CARTE_FIDILITE_USER` FOREIGN KEY (`ID_CLIENT`) REFERENCES `user` (`ID`);

--
-- Contraintes pour la table `catalogue`
--
ALTER TABLE `catalogue`
  ADD CONSTRAINT `FK_CATALOGUE_MARQUE` FOREIGN KEY (`ID_MARQUE`) REFERENCES `marque` (`ID`);

--
-- Contraintes pour la table `espace_publicitaire`
--
ALTER TABLE `espace_publicitaire`
  ADD CONSTRAINT `FK_ESPACE_PUBLICITAIRE_MARQUE` FOREIGN KEY (`ID_MARQUE`) REFERENCES `marque` (`ID`);

--
-- Contraintes pour la table `livraison`
--
ALTER TABLE `livraison`
  ADD CONSTRAINT `FK_ID_PANIER` FOREIGN KEY (`ID_PANIER`) REFERENCES `panier` (`ID`);

--
-- Contraintes pour la table `panier`
--
ALTER TABLE `panier`
  ADD CONSTRAINT `FK_PANIER_CLIENT` FOREIGN KEY (`ID_CLIENT`) REFERENCES `user` (`ID`),
  ADD CONSTRAINT `FK_PANIER_PRODUIT` FOREIGN KEY (`ID_PRODUIT`) REFERENCES `produit` (`ID`);

--
-- Contraintes pour la table `produit`
--
ALTER TABLE `produit`
  ADD CONSTRAINT `FK_MARQUE` FOREIGN KEY (`ID_MARQUE`) REFERENCES `marque` (`ID`),
  ADD CONSTRAINT `FK_PRODUIT_MARQUE` FOREIGN KEY (`ID_MARQUE`) REFERENCES `marque` (`ID`);

--
-- Contraintes pour la table `twitter`
--
ALTER TABLE `twitter`
  ADD CONSTRAINT `FK_TWITTER_RESPONSABLE_ENSEIGNE` FOREIGN KEY (`ID_RESPONSABLE`) REFERENCES `user` (`ID`);

/*!40101 SET CHARACTER_SET_CLIENT=@OLD_CHARACTER_SET_CLIENT */;
/*!40101 SET CHARACTER_SET_RESULTS=@OLD_CHARACTER_SET_RESULTS */;
/*!40101 SET COLLATION_CONNECTION=@OLD_COLLATION_CONNECTION */;
